Peptide_Order,Peptide,Peptide_Mass,Modifications,Proteins,
,Spectrum_Order,Title,Charge,Precursor_Mass,Evalue,Score,Precursor_Mass_Error(Da),Precursor_Mass_Error(ppm),Alpha_Evalue,Beta_Evalue
1,AAAALGLFNEEGLESTGEDFLKKK(22)(23),2676.376565,null,sp|P32494|NGG1_YEAST (258)(259)/
,1,F1CH20180627_MB_plus.27897.27897.3.0.dta,3,2676.378689,5.365211e-021,1.519086e-006,0.002124,0.793610,1.000000e+000,1.000000e+000
2,ADLEKEIEDMEKDKDYELDEEEEVAGSGR(5)(12),3509.563417,null,sp|P35177|SPT7_YEAST (559)(566)/
,1,F1CH20180627_MB_plus.22759.22759.3.0.dta,3,3509.568106,5.611360e-036,2.455428e-005,0.004689,1.336064,1.000000e+000,1.000000e+000
,2,F1CH20180627_MB_plus.22791.22791.2.0.dta,2,3509.568294,1.000000e+000,2.921205e-005,0.004877,1.389632,1.000000e+000,1.000000e+000
,3,F1CH20180627_MB_plus.22797.22797.3.0.dta,3,3509.568210,5.873545e-015,7.180246e-005,0.004793,1.365697,1.000000e+000,1.000000e+000
,4,F1CH20180627_MB_plus.22766.22766.3.0.dta,3,3509.567804,2.255747e-018,2.770100e-004,0.004387,1.250013,1.000000e+000,1.000000e+000
,5,F1CH20180627_MB_plus.22782.22782.4.0.dta,4,3509.566914,6.520849e-018,3.251301e-004,0.003497,0.996420,1.000000e+000,1.000000e+000
,6,F1CH20180627_MB_plus.22804.22804.4.0.dta,4,3509.567242,4.338108e-010,7.514081e-004,0.003825,1.089879,1.000000e+000,1.000000e+000
,7,F1CH20180627_MB_plus.22784.22784.4.0.dta,4,3509.566914,2.901503e-017,1.066975e-003,0.003497,0.996420,1.000000e+000,1.000000e+000
,8,F1CH20180627_MB_plus.22754.22754.3.0.dta,3,3509.568106,2.380579e-023,1.585640e-003,0.004689,1.336064,1.000000e+000,1.000000e+000
,9,F1CH20180627_MB_plus.22848.22848.3.0.dta,3,3509.569132,4.866698e-039,1.899563e-003,0.005715,1.628408,1.000000e+000,1.000000e+000
,10,F1CH20180627_MB_plus.22849.22849.3.0.dta,3,3509.569132,6.056135e-024,2.170359e-003,0.005715,1.628408,1.000000e+000,1.000000e+000
,11,F1CH20180627_MB_plus.22781.22781.3.0.dta,3,3509.567992,4.805868e-019,2.469690e-003,0.004575,1.303581,1.000000e+000,1.000000e+000
3,ADLEKEIEDMEKDKDYELDEEEEVAGSGR(5)(14),3509.563417,null,sp|P35177|SPT7_YEAST (559)(568)/
,1,F1CH20180627_MB_plus.22867.22867.3.0.dta,3,3509.569062,3.081304e-037,9.649045e-005,0.005645,1.608462,1.000000e+000,1.000000e+000
4,ATKEQLKAVMDDFAAFVEKCCK(7)(19),2727.318931,Carbamidomethyl[C](20);Carbamidomethyl[C](21),gi|CON_IPI00745872.2|SWISS-PROT:P02768-1 (569)(581)/
,1,F1CH20180627_MB_plus.19368.19368.3.3.dta,3,2727.297577,1.169622e-001,3.421767e-001,-0.021354,-7.829667,1.000000e+000,1.000000e+000
5,AWVTLFPQVYKSIPKNEK(11)(15),2286.253162,null,sp|P38811|TRA1_YEAST (2569)(2573)/
,1,F1CH20180627_MB_plus.26861.26861.2.0.dta,2,2286.256280,4.015909e-020,1.878536e-004,0.003118,1.363803,1.000000e+000,1.000000e+000
,2,F1CH20180627_MB_plus.26895.26895.3.0.dta,3,2286.260083,7.483731e-025,3.057430e-004,0.006921,3.027224,1.000000e+000,1.000000e+000
,3,F1CH20180627_MB_plus.26896.26896.2.0.dta,2,2286.256456,1.872463e-013,3.177082e-003,0.003294,1.440785,1.000000e+000,1.000000e+000
6,DAKIKQLDDDKNEDECADEAK(3)(5),2588.166714,Carbamidomethyl[C](16),sp|Q12060|HFI1_YEAST (349)(351)/
,1,F1CH20180627_MB_plus.9560.9560.3.0.dta,3,2588.170360,1.000000e+000,1.649396e-006,0.003646,1.408719,1.000000e+000,1.000000e+000
,2,F1CH20180627_MB_plus.9563.9563.3.0.dta,3,2588.170360,2.768033e-032,5.315384e-006,0.003646,1.408719,1.000000e+000,1.000000e+000
7,DAQNKLNELEDALQKAKEDMAR(15)(17),2668.324544,null,gi|CON_IPI00714876.1|ENSEMBL:ENSBTAP00000038253 (449)(451)/
,1,F1CH20180627_MB_minus.21105.21105.3.1.dta,3,2668.337982,2.444517e-001,4.597249e-001,0.013438,5.036119,1.000000e+000,1.000000e+000
8,DDNDKSELQSSKIIR(5)(12),1885.950073,null,sp|P32494|NGG1_YEAST (416)(423)/
,1,F1CH20180627_MB_plus.17906.17906.3.0.dta,3,1885.954667,4.826679e-008,1.996138e-001,0.004594,2.435908,1.000000e+000,1.000000e+000
9,DGLKLVGSWKK(4)(10),1368.788499,null,sp|P04050|RPB1_YEAST (180)(186)/
,1,F1CH20180627_MB_minus.33428.33428.2.1.dta,2,1368.798230,1.649824e-002,1.564108e-001,0.009731,7.109206,1.000000e+000,1.000000e+000
,2,F1CH20180627_MB_minus.33415.33415.2.1.dta,2,1368.798238,8.584738e-002,2.841409e-001,0.009739,7.115051,1.000000e+000,1.000000e+000
10,DILPLPPKTALDLKLEIQK(8)(14),2283.357286,null,sp|P38129|TAF5_YEAST (426)(432)/
,1,F1CH20180627_MB_plus.31021.31021.2.0.dta,2,2283.357639,1.441569e-007,5.350396e-003,0.000353,0.154597,1.000000e+000,1.000000e+000
11,DIPVNPMCIYRSSEKKATEGQGSEQK(15)(16),3090.486917,Carbamidomethyl[C](8),gi|CON_IPI00688316.2|SWISS-PROT:P41361 (61)(62)/
,1,F1CH20180627_MB_minus.21028.21028.3.1.dta,3,3090.495478,2.111702e-001,3.255780e-001,0.008561,2.770114,1.000000e+000,1.000000e+000
12,DMLEETAFSEPHWDSEKKSFIHEHR(17)(18),3223.478797,null,sp|P50875|SPT20_YEAST (354)(355)/
,1,F1CH20180627_MB_plus.19836.19836.4.0.dta,4,3223.493492,8.708927e-040,6.211512e-006,0.014695,4.558739,1.000000e+000,1.000000e+000
,2,F1CH20180627_MB_plus.19750.19750.3.0.dta,3,3223.481282,3.154007e-041,8.500305e-006,0.002485,0.770906,1.000000e+000,1.000000e+000
,3,F1CH20180627_MB_plus.19845.19845.5.0.dta,5,3223.493854,4.178571e-037,9.339019e-006,0.015057,4.671040,1.000000e+000,1.000000e+000
,4,F1CH20180627_MB_plus.19748.19748.5.0.dta,5,3223.489709,1.200589e-063,1.210355e-005,0.010912,3.385163,1.000000e+000,1.000000e+000
,5,F1CH20180627_MB_plus.19846.19846.3.0.dta,3,3223.481507,1.924332e-041,1.842654e-005,0.002710,0.840707,1.000000e+000,1.000000e+000
,6,F1CH20180627_MB_plus.19758.19758.5.0.dta,5,3223.493520,3.026142e-039,2.201422e-005,0.014723,4.567426,1.000000e+000,1.000000e+000
,7,F1CH20180627_MB_plus.19769.19769.3.0.dta,3,3223.481816,9.642734e-057,2.435132e-005,0.003019,0.936566,1.000000e+000,1.000000e+000
,8,F1CH20180627_MB_plus.19763.19763.3.0.dta,3,3223.481615,8.657603e-013,3.423595e-005,0.002818,0.874211,1.000000e+000,1.000000e+000
,9,F1CH20180627_MB_plus.18046.18046.4.3.dta,4,3239.478409,1.287797e-068,4.253248e-005,0.004698,1.450236,1.000000e+000,1.000000e+000
,10,F1CH20180627_MB_plus.19738.19738.4.0.dta,4,3223.488201,4.757378e-043,5.265377e-005,0.009404,2.917345,1.000000e+000,1.000000e+000
,11,F1CH20180627_MB_plus.19776.19776.3.0.dta,3,3223.481528,1.850553e-025,1.358722e-004,0.002731,0.847221,1.000000e+000,1.000000e+000
,12,F1CH20180627_MB_plus.19751.19751.4.0.dta,4,3223.489265,4.585573e-044,2.543894e-004,0.010468,3.247423,1.000000e+000,1.000000e+000
,13,F1CH20180627_MB_plus.19796.19796.5.0.dta,5,3223.494745,2.690120e-030,2.578641e-004,0.015948,4.947450,1.000000e+000,1.000000e+000
,14,F1CH20180627_MB_plus.19775.19775.5.0.dta,5,3223.494608,3.723510e-032,4.337276e-004,0.015811,4.904949,1.000000e+000,1.000000e+000
,15,F1CH20180627_MB_plus.19760.19760.4.0.dta,4,3223.491380,1.802876e-036,7.572497e-004,0.012583,3.903547,1.000000e+000,1.000000e+000
,16,F1CH20180627_MB_plus.19848.19848.3.0.dta,3,3223.481507,1.236875e-025,8.450072e-004,0.002710,0.840707,1.000000e+000,1.000000e+000
,17,F1CH20180627_MB_plus.19807.19807.3.0.dta,3,3223.481827,1.528283e-030,1.007767e-003,0.003030,0.939978,1.000000e+000,1.000000e+000
,18,F1CH20180627_MB_plus.18061.18061.5.0.dta,5,3239.478997,6.116197e-095,1.189277e-003,0.005286,1.631747,1.000000e+000,1.000000e+000
,19,F1CH20180627_MB_plus.19780.19780.4.0.dta,4,3223.492350,1.813883e-033,1.682971e-003,0.013553,4.204464,1.000000e+000,1.000000e+000
13,DPEPDELGNSGKVYKCNR(12)(15),2216.028722,Carbamidomethyl[C](16),sp|P25554|SGF29_YEAST (174)(177)/
,1,F1CH20180627_MB_plus.15272.15272.2.0.dta,2,2216.031674,1.656431e-019,2.655675e-005,0.002952,1.332113,1.000000e+000,1.000000e+000
,2,F1CH20180627_MB_plus.15270.15270.2.0.dta,2,2216.031674,8.413400e-042,2.707968e-005,0.002952,1.332113,1.000000e+000,1.000000e+000
,3,F1CH20180627_MB_plus.15369.15369.2.0.dta,2,2216.031524,7.065686e-021,3.867417e-005,0.002802,1.264424,1.000000e+000,1.000000e+000
,4,F1CH20180627_MB_plus.15370.15370.2.0.dta,2,2216.031524,1.983349e-010,5.510252e-005,0.002802,1.264424,1.000000e+000,1.000000e+000
,5,F1CH20180627_MB_plus.15283.15283.2.0.dta,2,2216.031687,2.633267e-025,9.284837e-005,0.002965,1.337979,1.000000e+000,1.000000e+000
,6,F1CH20180627_MB_plus.15285.15285.3.0.dta,3,2216.033061,6.585863e-030,5.859383e-004,0.004339,1.958007,1.000000e+000,1.000000e+000
,7,F1CH20180627_MB_plus.15338.15338.3.1.dta,3,2216.030656,8.405510e-007,9.813445e-003,0.001934,0.872732,1.000000e+000,1.000000e+000
,8,F1CH20180627_MB_plus.15339.15339.3.1.dta,3,2216.030656,2.551415e-007,2.290188e-001,0.001934,0.872732,1.000000e+000,1.000000e+000
14,DQYEKMAEKNR(5)(9),1549.731448,null,gi|CON_IPI00384444.5|SWISS-PROT:P02533 (293)(297)/gi|CON_IPI00450768.7|SWISS-PROT:Q04695 (262)(266)/gi|CON_IPI00230365.5|SWISS-PROT:Q9QWL7 (262)(266)/gi|CON_IPI00468696.3|SWISS-PROT:Q6IFX2 (272)(276)/
,1,F1CH20180627_MB_minus.5266.5266.2.0.dta,2,1549.727117,7.162263e-003,2.954989e-001,-0.004331,-2.794678,1.000000e+000,1.000000e+000
,2,F1CH20180627_MB_minus.5265.5265.2.0.dta,2,1549.727117,7.262907e-005,3.049477e-001,-0.004331,-2.794678,1.000000e+000,1.000000e+000
,3,F1CH20180627_MB_minus.5362.5362.2.0.dta,2,1549.727822,5.922378e-003,3.149839e-001,-0.003626,-2.339760,1.000000e+000,1.000000e+000
,4,F1CH20180627_MB_minus.5361.5361.2.0.dta,2,1549.727822,3.398278e-004,3.177076e-001,-0.003626,-2.339760,1.000000e+000,1.000000e+000
15,EANIVTLKRLKMADDR(8)(11),2011.100373,null,sp|P06844|SPT3_YEAST (176)(179)/
,1,F1CH20180627_MB_plus.18967.18967.3.0.dta,3,2011.103820,1.261904e-014,2.328360e-003,0.003447,1.713987,1.000000e+000,1.000000e+000
,2,F1CH20180627_MB_plus.18948.18948.3.0.dta,3,2011.103750,2.947734e-019,2.482979e-003,0.003377,1.679180,1.000000e+000,1.000000e+000
,3,F1CH20180627_MB_plus.18962.18962.3.0.dta,3,2011.103822,1.615200e-017,2.032279e-002,0.003449,1.714982,1.000000e+000,1.000000e+000
16,EEEEIGKNEKPQNKEGISK(10)(14),2324.161502,null,sp|P35177|SPT7_YEAST (222)(226)/
,1,F1CH20180627_MB_plus.7369.7369.3.1.dta,3,2324.167404,5.050882e-004,9.906829e-002,0.005902,2.539410,1.000000e+000,1.000000e+000
,2,F1CH20180627_MB_plus.7368.7368.3.1.dta,3,2324.167404,2.697974e-003,2.488397e-001,0.005902,2.539410,1.000000e+000,1.000000e+000
17,EELLCLKKNHEEEVNSLRCQLGDR(7)(8),3107.524696,Carbamidomethyl[C](5);Carbamidomethyl[C](19),gi|CON_6686303|SWISS-PROT:Q92764 (202)(203)/gi|CON_IPI00131382.4|TREMBL:Q497I4 (232)(233)/
,1,F1CH20180627_MB_minus.23575.23575.5.0.dta,5,3107.523359,2.295194e-001,4.551010e-001,-0.001337,-0.430246,1.000000e+000,1.000000e+000
,2,F1CH20180627_MB_minus.23567.23567.4.0.dta,4,3107.522890,4.419424e-002,4.834848e-001,-0.001806,-0.581170,1.000000e+000,1.000000e+000
18,EHQTKIGAAAEKR(5)(12),1576.844105,null,sp|P53165|SGF73_YEAST (281)(288)/
,1,F1CH20180627_MB_plus.5062.5062.2.0.dta,2,1576.847223,2.724107e-003,5.903641e-002,0.003118,1.977367,1.000000e+000,1.000000e+000
,2,F1CH20180627_MB_plus.5061.5061.2.0.dta,2,1576.847223,2.082605e-005,6.997327e-002,0.003118,1.977367,1.000000e+000,1.000000e+000
,3,F1CH20180627_MB_plus.5170.5170.2.0.dta,2,1576.846766,1.000000e+000,7.707564e-002,0.002661,1.687548,1.000000e+000,1.000000e+000
,4,F1CH20180627_MB_plus.5088.5088.2.0.dta,2,1576.847144,2.923716e-004,3.103283e-001,0.003039,1.927267,1.000000e+000,1.000000e+000
,5,F1CH20180627_MB_plus.5221.5221.2.1.dta,2,1576.846330,1.000000e+000,4.480395e-001,0.002225,1.411046,1.000000e+000,1.000000e+000
19,EHYLKYYLESKYYPIPDITQNIHVPQDEFLEQR(5)(11),4307.133360,null,sp|Q02336|ADA2_YEAST (106)(112)/
,1,F1CH20180627_MB_plus.27283.27283.4.0.dta,4,4307.138991,2.859735e-023,4.859895e-005,0.005631,1.307366,1.000000e+000,1.000000e+000
,2,F1CH20180627_MB_plus.27310.27310.4.0.dta,4,4307.138832,8.479086e-100,1.219570e-004,0.005472,1.270451,1.000000e+000,1.000000e+000
,3,F1CH20180627_MB_plus.27290.27290.4.0.dta,4,4307.138991,1.324895e-084,4.543401e-004,0.005631,1.307366,1.000000e+000,1.000000e+000
,4,F1CH20180627_MB_plus.27309.27309.3.0.dta,3,4307.133008,1.000000e+000,5.683242e-004,-0.000352,-0.081725,1.000000e+000,1.000000e+000
,5,F1CH20180627_MB_plus.27278.27278.3.1.dta,3,4307.134630,1.000000e+000,6.655024e-002,0.001270,0.294860,1.000000e+000,1.000000e+000
20,EIEDMEKDKDYELDEEEEVAGSGR(7)(9),2953.277767,null,sp|P35177|SPT7_YEAST (566)(568)/
,1,F1CH20180627_MB_plus.21009.21009.2.0.dta,2,2953.279292,1.000000e+000,3.398068e-006,0.001525,0.516375,1.000000e+000,1.000000e+000
,2,F1CH20180627_MB_plus.21006.21006.3.0.dta,3,2953.280504,5.209125e-045,3.472612e-006,0.002737,0.926767,1.000000e+000,1.000000e+000
,3,F1CH20180627_MB_plus.21028.21028.3.0.dta,3,2953.280506,1.830696e-026,4.843830e-006,0.002739,0.927444,1.000000e+000,1.000000e+000
,4,F1CH20180627_MB_plus.21011.21011.2.0.dta,2,2953.279292,1.000000e+000,5.604697e-006,0.001525,0.516375,1.000000e+000,1.000000e+000
21,EIETELKIKDDQEK(7)(9),1855.953429,null,sp|P38129|TAF5_YEAST (337)(339)/
,1,F1CH20180627_MB_plus.15094.15094.2.1.dta,2,1855.947014,3.273968e-008,8.019578e-002,-0.006415,-3.456444,1.000000e+000,1.000000e+000
,2,F1CH20180627_MB_plus.15102.15102.2.2.dta,2,1855.946736,8.676958e-008,8.690852e-002,-0.006693,-3.606233,1.000000e+000,1.000000e+000
,3,F1CH20180627_MB_plus.15180.15180.2.1.dta,2,1855.950248,2.419156e-010,1.734659e-001,-0.003181,-1.713944,1.000000e+000,1.000000e+000
,4,F1CH20180627_MB_plus.15076.15076.2.1.dta,2,1855.947804,2.188336e-003,4.432654e-001,-0.005625,-3.030787,1.000000e+000,1.000000e+000
22,EITETIAEAKKK(10)(11),1498.836229,null,sp|P04050|RPB1_YEAST (687)(688)/
,1,F1CH20180627_MB_plus.14119.14119.2.0.dta,2,1498.838924,6.701660e-014,1.638546e-005,0.002695,1.798062,1.000000e+000,1.000000e+000
23,EKDKTASSTVTVHENVNK(2)(4),2125.077053,null,sp|P35177|SPT7_YEAST (631)(633)/
,1,F1CH20180627_MB_plus.4416.4416.3.1.dta,3,2125.059797,1.000000e+000,2.862214e-001,-0.017256,-8.120176,1.000000e+000,1.000000e+000
24,EKELKIFTDAGR(2)(5),1544.831812,null,sp|P08518|RPB2_YEAST (622)(625)/
,1,F1CH20180627_MB_plus.20131.20131.2.0.dta,2,1544.833775,9.033935e-023,2.795012e-003,0.001963,1.270688,1.000000e+000,1.000000e+000
25,EKGPQVCAKLFGNIQK(2)(9),1955.041802,Carbamidomethyl[C](7),sp|P04050|RPB1_YEAST (637)(644)/
,1,F1CH20180627_MB_plus.20662.20662.2.0.dta,2,1955.043958,2.536938e-032,5.776180e-004,0.002156,1.102790,1.000000e+000,1.000000e+000
,2,F1CH20180627_MB_plus.20663.20663.2.0.dta,2,1955.043958,2.343157e-028,6.221170e-004,0.002156,1.102790,1.000000e+000,1.000000e+000
,3,F1CH20180627_MB_plus.20571.20571.2.0.dta,2,1955.044724,5.758979e-043,8.515504e-004,0.002922,1.494597,1.000000e+000,1.000000e+000
,4,F1CH20180627_MB_plus.20573.20573.2.0.dta,2,1955.044724,6.142427e-019,1.639832e-003,0.002922,1.494597,1.000000e+000,1.000000e+000
,5,F1CH20180627_MB_plus.20664.20664.2.0.dta,2,1955.043958,6.309972e-019,1.644768e-003,0.002156,1.102790,1.000000e+000,1.000000e+000
,6,F1CH20180627_MB_plus.20588.20588.2.0.dta,2,1955.044902,4.254111e-019,3.436053e-003,0.003100,1.585644,1.000000e+000,1.000000e+000
,7,F1CH20180627_MB_plus.20572.20572.2.0.dta,2,1955.044724,1.270501e-021,5.710510e-003,0.002922,1.494597,1.000000e+000,1.000000e+000
,8,F1CH20180627_MB_plus.20565.20565.3.0.dta,3,1955.045377,4.100837e-019,6.105385e-003,0.003575,1.828605,1.000000e+000,1.000000e+000
,9,F1CH20180627_MB_plus.20589.20589.3.0.dta,3,1955.045380,3.528292e-025,6.336009e-003,0.003578,1.830140,1.000000e+000,1.000000e+000
,10,F1CH20180627_MB_plus.20574.20574.2.0.dta,2,1955.044724,1.952212e-011,2.322335e-002,0.002922,1.494597,1.000000e+000,1.000000e+000
26,EKKSYK(2)(3),920.508717,null,gi|CON_IPI00711422.1|ENSEMBL:ENSBTAP00000011213 (148)(149)/
,1,F1CH20180627_MB_minus.16196.16196.2.0.dta,2,920.510181,2.190008e-003,2.060306e-001,0.001464,1.590425,1.000000e+000,1.000000e+000
,2,F1CH20180627_MB_minus.13738.13738.2.0.dta,2,920.510320,1.924779e-003,2.201796e-001,0.001603,1.741428,1.000000e+000,1.000000e+000
27,ELAEKKIPLVIR(5)(6),1546.956614,null,sp|P20435|RPAB2_YEAST (128)(129)/
,1,F1CH20180627_MB_plus.22415.22415.2.0.dta,2,1546.959262,7.466078e-049,7.687215e-005,0.002648,1.711748,1.000000e+000,1.000000e+000
,2,F1CH20180627_MB_plus.22327.22327.2.0.dta,2,1546.960061,4.251738e-033,1.045344e-004,0.003447,2.228246,1.000000e+000,1.000000e+000
,3,F1CH20180627_MB_plus.22328.22328.2.0.dta,2,1546.960061,7.323742e-059,1.096355e-004,0.003447,2.228246,1.000000e+000,1.000000e+000
,4,F1CH20180627_MB_plus.22416.22416.2.0.dta,2,1546.959262,9.891351e-029,1.150521e-004,0.002648,1.711748,1.000000e+000,1.000000e+000
,5,F1CH20180627_MB_plus.22362.22362.3.0.dta,3,1546.958427,1.468617e-018,1.918605e-004,0.001813,1.171979,1.000000e+000,1.000000e+000
,6,F1CH20180627_MB_plus.22421.22421.2.0.dta,2,1546.959262,7.421229e-040,4.512535e-004,0.002648,1.711748,1.000000e+000,1.000000e+000
,7,F1CH20180627_MB_plus.22357.22357.2.0.dta,2,1546.959843,8.831209e-022,9.372901e-004,0.003229,2.087324,1.000000e+000,1.000000e+000
28,ELKYVGIYMNLPKDENNPNSDDPDWVTGR(3)(13),3517.657868,null,sp|P32494|NGG1_YEAST (520)(530)/
,1,F1CH20180627_MB_plus.28773.28773.2.0.dta,2,3517.661755,1.000000e+000,8.818941e-006,0.003887,1.104997,1.000000e+000,1.000000e+000
,2,F1CH20180627_MB_plus.28710.28710.2.0.dta,2,3517.661870,1.000000e+000,1.662644e-005,0.004002,1.137689,1.000000e+000,1.000000e+000
,3,F1CH20180627_MB_plus.28772.28772.2.0.dta,2,3517.661755,1.000000e+000,1.717394e-005,0.003887,1.104997,1.000000e+000,1.000000e+000
,4,F1CH20180627_MB_plus.28774.28774.2.0.dta,2,3517.661755,1.000000e+000,2.012556e-005,0.003887,1.104997,1.000000e+000,1.000000e+000
,5,F1CH20180627_MB_plus.28679.28679.2.0.dta,2,3517.662667,1.000000e+000,3.696877e-005,0.004799,1.364260,1.000000e+000,1.000000e+000
,6,F1CH20180627_MB_plus.28781.28781.3.0.dta,3,3517.663806,2.900699e-024,3.796150e-005,0.005938,1.688055,1.000000e+000,1.000000e+000
,7,F1CH20180627_MB_plus.28780.28780.3.0.dta,3,3517.663806,5.141810e-033,7.253129e-005,0.005938,1.688055,1.000000e+000,1.000000e+000
,8,F1CH20180627_MB_plus.28729.28729.4.0.dta,4,3517.663306,1.081377e-068,7.627874e-005,0.005438,1.545915,1.000000e+000,1.000000e+000
,9,F1CH20180627_MB_plus.28683.28683.3.0.dta,3,3517.664955,7.573265e-032,1.369867e-004,0.007087,2.014693,1.000000e+000,1.000000e+000
,10,F1CH20180627_MB_plus.28685.28685.3.0.dta,3,3517.664955,2.063165e-042,1.403515e-004,0.007087,2.014693,1.000000e+000,1.000000e+000
,11,F1CH20180627_MB_plus.28793.28793.3.0.dta,3,3517.663913,1.000000e+000,1.848206e-004,0.006045,1.718473,1.000000e+000,1.000000e+000
,12,F1CH20180627_MB_plus.28705.28705.3.0.dta,3,3517.664479,6.720508e-022,1.991227e-004,0.006611,1.879375,1.000000e+000,1.000000e+000
,13,F1CH20180627_MB_plus.28724.28724.2.0.dta,2,3517.661738,1.000000e+000,2.302073e-004,0.003870,1.100164,1.000000e+000,1.000000e+000
,14,F1CH20180627_MB_plus.28711.28711.2.0.dta,2,3517.661870,1.000000e+000,2.328670e-004,0.004002,1.137689,1.000000e+000,1.000000e+000
,15,F1CH20180627_MB_plus.28726.28726.3.0.dta,3,3517.664497,1.000000e+000,2.794633e-004,0.006629,1.884493,1.000000e+000,1.000000e+000
,16,F1CH20180627_MB_plus.28703.28703.3.0.dta,3,3517.664616,3.076323e-016,3.475724e-004,0.006748,1.918322,1.000000e+000,1.000000e+000
29,ELQGTLKQVTKK(7)(11),1510.883846,null,sp|P32494|NGG1_YEAST (563)(567)/
,1,F1CH20180627_MB_plus.13078.13078.2.0.dta,2,1510.886632,4.833859e-015,2.986179e-003,0.002786,1.843954,1.000000e+000,1.000000e+000
,2,F1CH20180627_MB_plus.13079.13079.2.0.dta,2,1510.886632,2.557635e-020,3.124754e-003,0.002786,1.843954,1.000000e+000,1.000000e+000
,3,F1CH20180627_MB_plus.13126.13126.3.0.dta,3,1510.885879,1.492011e-019,1.723005e-002,0.002033,1.345570,1.000000e+000,1.000000e+000
,4,F1CH20180627_MB_plus.13080.13080.2.0.dta,2,1510.886632,8.448519e-013,2.820214e-002,0.002786,1.843954,1.000000e+000,1.000000e+000
,5,F1CH20180627_MB_plus.13089.13089.2.0.dta,2,1510.886643,5.299708e-011,3.854431e-002,0.002797,1.851234,1.000000e+000,1.000000e+000
30,ELQIYFNKVISTLTAKSQADEAAQHMK(8)(16),3202.645126,null,sp|P53040|TAF6_YEAST (229)(237)/
,1,F1CH20180627_MB_plus.30448.30448.3.0.dta,3,3202.650026,3.550313e-026,3.329750e-004,0.004900,1.529985,1.000000e+000,1.000000e+000
31,EQVLQTQKDKSQQSSQDNTNFEFASSTLHR(8)(10),3619.725755,null,sp|P06844|SPT3_YEAST (263)(265)/
,1,F1CH20180627_MB_plus.15619.15619.3.0.dta,3,3619.729969,2.485113e-024,2.568207e-006,0.004214,1.164177,1.000000e+000,1.000000e+000
,2,F1CH20180627_MB_plus.15628.15628.4.0.dta,4,3619.731156,2.336535e-059,6.881273e-006,0.005401,1.492102,1.000000e+000,1.000000e+000
,3,F1CH20180627_MB_plus.15622.15622.3.0.dta,3,3619.729969,2.558955e-014,1.824867e-005,0.004214,1.164177,1.000000e+000,1.000000e+000
,4,F1CH20180627_MB_plus.15654.15654.4.0.dta,4,3619.731535,2.111942e-042,3.306177e-005,0.005780,1.596806,1.000000e+000,1.000000e+000
,5,F1CH20180627_MB_plus.15647.15647.3.0.dta,3,3619.729967,1.458432e-013,3.458348e-005,0.004212,1.163624,1.000000e+000,1.000000e+000
,6,F1CH20180627_MB_plus.15635.15635.3.0.dta,3,3619.730025,1.311282e-016,5.065713e-005,0.004270,1.179647,1.000000e+000,1.000000e+000
32,FEFDGVEYTFKERPSVVEENEGKIEFR(11)(23),3418.647627,null,sp|Q03330|GCN5_YEAST (87)(99)/
,1,F1CH20180627_MB_plus.24679.24679.3.0.dta,3,3418.647585,1.000000e+000,1.343745e-003,-0.000042,-0.012286,1.000000e+000,1.000000e+000
,2,F1CH20180627_MB_plus.24709.24709.3.0.dta,3,3418.649346,1.000000e+000,2.860115e-001,0.001719,0.502830,1.000000e+000,1.000000e+000
33,FEVRDPEPDELGNSGKVYKCNR(16)(19),2747.309229,Carbamidomethyl[C](20),sp|P25554|SGF29_YEAST (174)(177)/
,1,F1CH20180627_MB_plus.14669.14669.3.0.dta,3,2747.310791,5.950849e-054,6.947667e-005,0.001562,0.568556,1.000000e+000,1.000000e+000
34,GAIVTALNDNSLQTPVTSTTASASVTDTGASQHLSNVKPGQNTEVKPLVK(38)(46),5185.686046,null,sp|P53040|TAF6_YEAST (204)(212)/
,1,F1CH20180627_MB_plus.18183.18183.4.0.dta,4,5185.693837,1.000000e+000,7.034360e-004,0.007791,1.502405,1.000000e+000,1.000000e+000
,2,F1CH20180627_MB_plus.18906.18906.4.0.dta,4,5185.692687,1.000000e+000,2.794984e-003,0.006641,1.280641,1.000000e+000,1.000000e+000
35,GEKVTDEDKEK(3)(9),1415.689966,null,sp|P53040|TAF6_YEAST (478)(484)/
,1,F1CH20180627_MB_plus.4393.4393.2.0.dta,2,1415.692024,1.000000e+000,4.196813e-001,0.002058,1.453708,1.000000e+000,1.000000e+000
36,GHAIAMQKKSLQLIR(8)(9),1832.057394,null,sp|P35177|SPT7_YEAST (537)(538)/
,1,F1CH20180627_MB_plus.14887.14887.2.0.dta,2,1832.061070,3.938895e-032,2.644040e-006,0.003676,2.006487,1.000000e+000,1.000000e+000
,2,F1CH20180627_MB_plus.14888.14888.2.0.dta,2,1832.061070,2.904760e-027,4.232557e-006,0.003676,2.006487,1.000000e+000,1.000000e+000
,3,F1CH20180627_MB_plus.14875.14875.3.0.dta,3,1832.060666,3.804682e-052,6.219057e-004,0.003272,1.785970,1.000000e+000,1.000000e+000
,4,F1CH20180627_MB_plus.14878.14878.3.0.dta,3,1832.060666,8.034054e-044,1.129297e-003,0.003272,1.785970,1.000000e+000,1.000000e+000
,5,F1CH20180627_MB_plus.14891.14891.3.0.dta,3,1832.060581,9.285500e-028,1.421713e-003,0.003187,1.739574,1.000000e+000,1.000000e+000
37,GIVKFEFDGVEYTFKERPSVVEENEGK(4)(15),3270.620354,null,sp|Q03330|GCN5_YEAST (76)(87)/
,1,F1CH20180627_MB_plus.23528.23528.3.1.dta,3,3270.633828,5.272584e-011,6.785723e-002,0.013474,4.119708,1.000000e+000,1.000000e+000
38,GKEEVKEHYLK(2)(6),1497.794702,null,sp|Q02336|ADA2_YEAST (97)(101)/
,1,F1CH20180627_MB_plus.11270.11270.2.0.dta,2,1497.796516,7.843845e-018,1.450415e-002,0.001814,1.211114,1.000000e+000,1.000000e+000
,2,F1CH20180627_MB_plus.11248.11248.3.0.dta,3,1497.796571,1.744385e-011,2.909280e-002,0.001869,1.247835,1.000000e+000,1.000000e+000
,3,F1CH20180627_MB_plus.11258.11258.3.0.dta,3,1497.796523,1.579924e-010,3.510485e-002,0.001821,1.215787,1.000000e+000,1.000000e+000
,4,F1CH20180627_MB_plus.11279.11279.3.0.dta,3,1497.796302,8.491488e-009,4.617067e-002,0.001600,1.068237,1.000000e+000,1.000000e+000
39,GKEEVKEHYLKYYLESK(2)(6),2281.174973,null,sp|Q02336|ADA2_YEAST (97)(101)/
,1,F1CH20180627_MB_plus.14892.14892.4.1.dta,4,2281.177559,6.802129e-013,3.540347e-002,0.002586,1.133626,1.000000e+000,1.000000e+000
40,GKEEVKEHYLKYYLESK(6)(11),2281.174973,null,sp|Q02336|ADA2_YEAST (101)(106)/
,1,F1CH20180627_MB_plus.14889.14889.3.0.dta,3,2281.174372,4.184249e-023,5.185242e-003,-0.000601,-0.263461,1.000000e+000,1.000000e+000
41,GKFEKETER(2)(5),1261.642235,null,sp|Q03330|GCN5_YEAST (53)(56)/
,1,F1CH20180627_MB_plus.8258.8258.2.0.dta,2,1261.643480,5.448062e-019,2.419351e-002,0.001245,0.986809,1.000000e+000,1.000000e+000
,2,F1CH20180627_MB_plus.8238.8238.2.1.dta,2,1261.643554,1.615518e-004,3.298490e-001,0.001319,1.045463,1.000000e+000,1.000000e+000
42,GTALGIKKEKR(7)(8),1338.810294,null,sp|P08518|RPB2_YEAST (344)(345)/
,1,F1CH20180627_MB_plus.5722.5722.2.0.dta,2,1338.811391,1.407646e-010,1.247851e-002,0.001097,0.819384,1.000000e+000,1.000000e+000
,2,F1CH20180627_MB_plus.5538.5538.3.0.dta,3,1338.813680,3.000492e-010,1.294866e-002,0.003386,2.529111,1.000000e+000,1.000000e+000
,3,F1CH20180627_MB_plus.5629.5629.2.0.dta,2,1338.812945,1.616567e-014,2.990524e-002,0.002651,1.980116,1.000000e+000,1.000000e+000
43,GTALGIKKEKR(8)(10),1338.810294,null,sp|P08518|RPB2_YEAST (345)(347)/
,1,F1CH20180627_MB_plus.5607.5607.2.0.dta,2,1338.813085,5.030597e-004,3.206307e-004,0.002791,2.084687,1.000000e+000,1.000000e+000
,2,F1CH20180627_MB_plus.5608.5608.2.0.dta,2,1338.813085,5.239576e-023,3.361557e-004,0.002791,2.084687,1.000000e+000,1.000000e+000
,3,F1CH20180627_MB_plus.5510.5510.2.0.dta,2,1338.812867,1.611835e-015,4.231883e-004,0.002573,1.921856,1.000000e+000,1.000000e+000
,4,F1CH20180627_MB_plus.5623.5623.3.0.dta,3,1338.812531,1.572486e-012,4.334372e-004,0.002237,1.670886,1.000000e+000,1.000000e+000
,5,F1CH20180627_MB_plus.5520.5520.3.0.dta,3,1338.813553,1.868517e-016,4.868488e-004,0.003259,2.434251,1.000000e+000,1.000000e+000
,6,F1CH20180627_MB_plus.5526.5526.3.0.dta,3,1338.813660,8.357028e-012,7.730295e-004,0.003366,2.514172,1.000000e+000,1.000000e+000
,7,F1CH20180627_MB_plus.5522.5522.2.0.dta,2,1338.813070,9.269816e-008,7.813098e-003,0.002776,2.073483,1.000000e+000,1.000000e+000
,8,F1CH20180627_MB_plus.5532.5532.2.0.dta,2,1338.813143,2.719539e-011,4.242485e-002,0.002849,2.128009,1.000000e+000,1.000000e+000
44,HILSTNYKKLFLPK(8)(9),1840.073031,null,sp|P38811|TRA1_YEAST (360)(361)/
,1,F1CH20180627_MB_plus.19552.19552.2.0.dta,2,1840.075441,9.874688e-044,1.215935e-005,0.002410,1.309731,1.000000e+000,1.000000e+000
,2,F1CH20180627_MB_plus.19652.19652.2.0.dta,2,1840.075333,7.159389e-024,1.344352e-005,0.002302,1.251037,1.000000e+000,1.000000e+000
,3,F1CH20180627_MB_plus.19554.19554.2.0.dta,2,1840.075441,1.534027e-029,1.608512e-005,0.002410,1.309731,1.000000e+000,1.000000e+000
,4,F1CH20180627_MB_plus.19651.19651.2.0.dta,2,1840.075333,1.069364e-024,2.928224e-005,0.002302,1.251037,1.000000e+000,1.000000e+000
,5,F1CH20180627_MB_plus.19654.19654.2.0.dta,2,1840.075333,1.135261e-016,1.950987e-004,0.002302,1.251037,1.000000e+000,1.000000e+000
,6,F1CH20180627_MB_plus.19650.19650.3.0.dta,3,1840.076060,2.230953e-023,1.081645e-003,0.003029,1.646130,1.000000e+000,1.000000e+000
,7,F1CH20180627_MB_plus.19553.19553.3.0.dta,3,1840.076226,2.520295e-016,1.100972e-003,0.003195,1.736344,1.000000e+000,1.000000e+000
,8,F1CH20180627_MB_plus.19583.19583.2.0.dta,2,1840.075417,2.531667e-020,1.173125e-003,0.002386,1.296688,1.000000e+000,1.000000e+000
,9,F1CH20180627_MB_plus.19582.19582.3.0.dta,3,1840.076702,1.102840e-020,1.031732e-002,0.003671,1.995030,1.000000e+000,1.000000e+000
45,IEIQFKNEKTTKMTTGGK(6)(12),2192.163027,null,gi|CON_IPI00704150.1|SWISS-PROT:P07224 (364)(370)/
,1,F1CH20180627_MB_minus.21176.21176.4.0.dta,4,2192.178437,2.193309e-002,4.574248e-001,0.015410,7.029587,1.000000e+000,1.000000e+000
46,IGIEKNFDLEPTVNKR(5)(15),2011.085772,null,sp|P38811|TRA1_YEAST (1059)(1069)/
,1,F1CH20180627_MB_plus.20524.20524.2.0.dta,2,2011.087192,1.180253e-008,2.032279e-002,0.001420,0.706086,1.000000e+000,1.000000e+000
,2,F1CH20180627_MB_plus.20526.20526.2.0.dta,2,2011.087192,7.722493e-008,5.813194e-002,0.001420,0.706086,1.000000e+000,1.000000e+000
47,IGPLFDKPEIMKR(7)(12),1681.934496,null,sp|P32494|NGG1_YEAST (663)(668)/
,1,F1CH20180627_MB_plus.23101.23101.2.0.dta,2,1681.937529,2.248368e-022,4.319192e-004,0.003033,1.803281,1.000000e+000,1.000000e+000
,2,F1CH20180627_MB_plus.23102.23102.2.0.dta,2,1681.937529,6.315108e-020,5.150765e-004,0.003033,1.803281,1.000000e+000,1.000000e+000
,3,F1CH20180627_MB_plus.23133.23133.3.0.dta,3,1681.936022,4.173743e-015,8.760771e-004,0.001526,0.907289,1.000000e+000,1.000000e+000
,4,F1CH20180627_MB_plus.23123.23123.2.0.dta,2,1681.937231,2.301344e-012,1.144965e-002,0.002735,1.626104,1.000000e+000,1.000000e+000
,5,F1CH20180627_MB_plus.23105.23105.2.0.dta,2,1681.937529,1.101517e-010,1.782997e-001,0.003033,1.803281,1.000000e+000,1.000000e+000
,6,F1CH20180627_MB_plus.24636.24636.2.0.dta,2,1681.950058,6.059567e-003,2.656883e-001,0.015562,9.252441,1.000000e+000,1.000000e+000
48,IKDDQEKQLNQQTAGDNYSGANNR(2)(7),2845.334586,null,sp|P38129|TAF5_YEAST (339)(344)/
,1,F1CH20180627_MB_plus.10215.10215.2.0.dta,2,2845.340236,1.000000e+000,1.089163e-006,0.005650,1.985707,1.000000e+000,1.000000e+000
,2,F1CH20180627_MB_plus.10217.10217.2.0.dta,2,2845.340236,1.000000e+000,1.381692e-006,0.005650,1.985707,1.000000e+000,1.000000e+000
,3,F1CH20180627_MB_plus.10210.10210.3.0.dta,3,2845.340938,2.052824e-049,7.813107e-006,0.006352,2.232426,1.000000e+000,1.000000e+000
,4,F1CH20180627_MB_plus.10233.10233.3.0.dta,3,2845.340704,1.555420e-051,4.778791e-005,0.006118,2.150186,1.000000e+000,1.000000e+000
49,IKGKVFSKLK(2)(4),1285.824157,null,gi|CON_IPI00716158.1|SWISS-PROT:Q05443 (112)(114)/
,1,F1CH20180627_MB_plus.4521.4521.2.1.dta,2,1285.830064,3.995471e-002,3.845561e-001,0.005907,4.593941,1.000000e+000,1.000000e+000
50,IKKVCECVCMHCGK(2)(3),1946.877657,Carbamidomethyl[C](5);Carbamidomethyl[C](7);Carbamidomethyl[C](9);Carbamidomethyl[C](12),sp|P04050|RPB1_YEAST (100)(101)/
,1,F1CH20180627_MB_plus.8007.8007.3.0.dta,3,1946.878596,3.090178e-116,2.226866e-007,0.000939,0.482311,1.000000e+000,1.000000e+000
,2,F1CH20180627_MB_plus.8115.8115.3.0.dta,3,1946.880529,1.970825e-080,2.257810e-007,0.002872,1.475183,1.000000e+000,1.000000e+000
,3,F1CH20180627_MB_plus.8011.8011.3.0.dta,3,1946.878593,4.301745e-228,2.401264e-007,0.000936,0.480770,1.000000e+000,1.000000e+000
,4,F1CH20180627_MB_plus.8013.8013.3.0.dta,3,1946.878593,9.821413e-122,3.025557e-007,0.000936,0.480770,1.000000e+000,1.000000e+000
,5,F1CH20180627_MB_plus.8029.8029.3.0.dta,3,1946.878758,1.705612e-041,5.892587e-007,0.001101,0.565521,1.000000e+000,1.000000e+000
,6,F1CH20180627_MB_plus.8024.8024.2.0.dta,2,1946.879947,1.000000e+000,7.830253e-007,0.002290,1.176242,1.000000e+000,1.000000e+000
,7,F1CH20180627_MB_plus.8025.8025.2.0.dta,2,1946.879947,1.000000e+000,8.840954e-007,0.002290,1.176242,1.000000e+000,1.000000e+000
,8,F1CH20180627_MB_plus.7999.7999.3.1.dta,3,1946.878758,7.348217e-018,1.014402e-004,0.001101,0.565521,1.000000e+000,1.000000e+000
51,IKQTFKNDLFVIWSEDNDEK(2)(6),2607.297593,null,sp|P04050|RPB1_YEAST (1217)(1221)/
,1,F1CH20180627_MB_plus.30426.30426.2.0.dta,2,2607.301597,2.025329e-037,1.355014e-005,0.004004,1.535690,1.000000e+000,1.000000e+000
,2,F1CH20180627_MB_plus.30436.30436.3.0.dta,3,2607.301589,1.470322e-040,1.397677e-005,0.003996,1.532621,1.000000e+000,1.000000e+000
,3,F1CH20180627_MB_plus.30513.30513.3.3.dta,3,2607.299859,3.477887e-006,4.933063e-003,0.002266,0.869099,1.000000e+000,1.000000e+000
,4,F1CH20180627_MB_plus.30505.30505.3.3.dta,3,2607.300086,2.290890e-005,7.524037e-003,0.002493,0.956162,1.000000e+000,1.000000e+000
,5,F1CH20180627_MB_plus.30553.30553.3.2.dta,3,2607.303009,1.406380e-004,1.201728e-002,0.005416,2.077247,1.000000e+000,1.000000e+000
,6,F1CH20180627_MB_plus.30554.30554.3.2.dta,3,2607.303009,3.391783e-004,1.680667e-002,0.005416,2.077247,1.000000e+000,1.000000e+000
,7,F1CH20180627_MB_plus.30556.30556.3.3.dta,3,2607.303009,1.736778e-002,2.173429e-002,0.005416,2.077247,1.000000e+000,1.000000e+000
52,ILKLGKENPQEAPR(3)(6),1730.979862,null,sp|P38811|TRA1_YEAST (448)(451)/
,1,F1CH20180627_MB_plus.13076.13076.2.1.dta,2,1730.981887,1.801286e-010,1.014434e-003,0.002025,1.169858,1.000000e+000,1.000000e+000
,2,F1CH20180627_MB_plus.13003.13003.2.1.dta,2,1730.981545,3.169507e-010,4.859299e-003,0.001683,0.972282,1.000000e+000,1.000000e+000
,3,F1CH20180627_MB_plus.13002.13002.2.1.dta,2,1730.981545,3.655608e-004,8.249328e-003,0.001683,0.972282,1.000000e+000,1.000000e+000
,4,F1CH20180627_MB_plus.13099.13099.2.1.dta,2,1730.981935,1.907646e-007,8.840167e-003,0.002073,1.197588,1.000000e+000,1.000000e+000
,5,F1CH20180627_MB_plus.13101.13101.2.1.dta,2,1730.981935,3.082843e-005,4.028992e-002,0.002073,1.197588,1.000000e+000,1.000000e+000
,6,F1CH20180627_MB_plus.13001.13001.2.1.dta,2,1730.981545,1.494010e-004,1.803113e-001,0.001683,0.972282,1.000000e+000,1.000000e+000
53,IMNDSVSFTTLHEIHNEFCKKK(20)(21),2816.374468,Carbamidomethyl[C](19),sp|P38811|TRA1_YEAST (3476)(3477)/
,1,F1CH20180627_MB_plus.17429.17429.4.0.dta,4,2816.378833,6.488195e-062,2.587282e-006,0.004365,1.549865,1.000000e+000,1.000000e+000
,2,F1CH20180627_MB_plus.17417.17417.3.1.dta,3,2816.386085,1.527757e-022,7.541643e-005,0.011617,4.124807,1.000000e+000,1.000000e+000
54,IQPEESDSIVYKKITK(12)(13),2016.089855,null,sp|P35177|SPT7_YEAST (1171)(1172)/
,1,F1CH20180627_MB_plus.18875.18875.2.0.dta,2,2016.091316,8.446137e-025,8.852455e-007,0.001461,0.724670,1.000000e+000,1.000000e+000
,2,F1CH20180627_MB_plus.18876.18876.2.0.dta,2,2016.091316,1.102596e-052,1.734309e-006,0.001461,0.724670,1.000000e+000,1.000000e+000
,3,F1CH20180627_MB_plus.18902.18902.2.0.dta,2,2016.091549,6.656313e-038,1.418942e-005,0.001694,0.840240,1.000000e+000,1.000000e+000
,4,F1CH20180627_MB_plus.18977.18977.2.0.dta,2,2016.092417,5.891751e-036,1.509246e-005,0.002562,1.270777,1.000000e+000,1.000000e+000
,5,F1CH20180627_MB_plus.18888.18888.3.0.dta,3,2016.091051,5.755228e-069,2.010343e-005,0.001196,0.593228,1.000000e+000,1.000000e+000
,6,F1CH20180627_MB_plus.18978.18978.2.0.dta,2,2016.092417,1.309927e-035,2.030547e-005,0.002562,1.270777,1.000000e+000,1.000000e+000
55,IQTTEGYDPKDALKNACNSIINK(10)(14),2731.360594,Carbamidomethyl[C](17),sp|P38902|RPB11_YEAST (84)(88)/
,1,F1CH20180627_MB_plus.24031.24031.2.0.dta,2,2731.362702,4.229386e-015,1.097649e-004,0.002108,0.771777,1.000000e+000,1.000000e+000
,2,F1CH20180627_MB_plus.24128.24128.2.0.dta,2,2731.364408,3.624177e-029,1.297087e-004,0.003814,1.396374,1.000000e+000,1.000000e+000
,3,F1CH20180627_MB_plus.24129.24129.2.0.dta,2,2731.364408,1.087689e-039,1.585345e-004,0.003814,1.396374,1.000000e+000,1.000000e+000
,4,F1CH20180627_MB_plus.24127.24127.2.0.dta,2,2731.364408,8.409125e-020,1.956789e-004,0.003814,1.396374,1.000000e+000,1.000000e+000
,5,F1CH20180627_MB_plus.24125.24125.2.0.dta,2,2731.364408,2.084998e-024,2.023478e-004,0.003814,1.396374,1.000000e+000,1.000000e+000
,6,F1CH20180627_MB_plus.24070.24070.2.0.dta,2,2731.363203,4.045585e-025,3.223533e-004,0.002609,0.955202,1.000000e+000,1.000000e+000
,7,F1CH20180627_MB_plus.24081.24081.3.0.dta,3,2731.364546,2.077376e-024,5.937134e-004,0.003952,1.446898,1.000000e+000,1.000000e+000
,8,F1CH20180627_MB_plus.24063.24063.3.0.dta,3,2731.364172,3.079520e-026,6.426419e-004,0.003578,1.309970,1.000000e+000,1.000000e+000
,9,F1CH20180627_MB_plus.24036.24036.3.0.dta,3,2731.362706,5.400994e-027,6.822240e-004,0.002112,0.773241,1.000000e+000,1.000000e+000
,10,F1CH20180627_MB_plus.24126.24126.3.0.dta,3,2731.365757,2.587150e-037,1.048768e-003,0.005163,1.890267,1.000000e+000,1.000000e+000
56,IQVRLGEHNIDVLEGNEQFINAAKIITHPNFNGNTLDNDIMLIKLSSPATLNSR(24)(44),6136.192135,null,gi|CON_Trypsin|SWISS-PROT:P00761|TRYP_PIG (77)(97)/
,1,F1CH20180627_MB_plus.25591.25591.6.0.dta,6,6136.145878,1.000000e+000,2.989857e-002,-0.046257,-7.538388,1.000000e+000,1.000000e+000
,2,F1CH20180627_MB_plus.25573.25573.6.0.dta,6,6136.145461,2.143593e-015,4.309777e-002,-0.046674,-7.606346,1.000000e+000,1.000000e+000
57,IRVPKKR(5)(6),1034.683257,null,sp|P32494|NGG1_YEAST (612)(613)/
,1,F1CH20180627_MB_plus.4222.4222.2.0.dta,2,1034.684414,3.020104e-016,3.407639e-002,0.001157,1.118217,1.000000e+000,1.000000e+000
,2,F1CH20180627_MB_plus.4221.4221.2.0.dta,2,1034.684414,1.111311e-015,1.013686e-001,0.001157,1.118217,1.000000e+000,1.000000e+000
58,ISCNFEKFKTMK(7)(9),1686.822900,Carbamidomethyl[C](3);Oxidation[M](11),gi|CON_IPI00709763.3|SWISS-PROT:P02676 (8)(10)/
,1,F1CH20180627_MB_minus.19134.19134.2.1.dta,2,1686.811662,6.940116e-003,2.327264e-001,-0.011238,-6.662229,1.000000e+000,1.000000e+000
,2,F1CH20180627_MB_minus.19132.19132.2.1.dta,2,1686.811662,5.012910e-003,3.548607e-001,-0.011238,-6.662229,1.000000e+000,1.000000e+000
,3,F1CH20180627_MB_minus.19130.19130.2.1.dta,2,1686.811662,4.499100e-002,3.551146e-001,-0.011238,-6.662229,1.000000e+000,1.000000e+000
,4,F1CH20180627_MB_minus.19158.19158.2.1.dta,2,1686.811479,1.026472e-002,4.254309e-001,-0.011421,-6.770717,1.000000e+000,1.000000e+000
59,IVLEYLNKKGYHR(8)(9),1770.990034,null,sp|P38129|TAF5_YEAST (70)(71)/
,1,F1CH20180627_MB_plus.16331.16331.3.0.dta,3,1770.992963,4.278705e-041,9.370825e-006,0.002929,1.653877,1.000000e+000,1.000000e+000
60,IYHSFEYDKETMIKR(9)(14),2098.031295,null,sp|P35177|SPT7_YEAST (315)(320)/
,1,F1CH20180627_MB_plus.15416.15416.2.0.dta,2,2098.034010,1.993835e-015,1.070916e-005,0.002715,1.294070,1.000000e+000,1.000000e+000
,2,F1CH20180627_MB_plus.15413.15413.2.0.dta,2,2098.034010,1.227402e-011,2.954106e-005,0.002715,1.294070,1.000000e+000,1.000000e+000
,3,F1CH20180627_MB_plus.15449.15449.2.0.dta,2,2098.033924,5.611133e-020,4.123111e-004,0.002629,1.253079,1.000000e+000,1.000000e+000
,4,F1CH20180627_MB_plus.15420.15420.3.1.dta,3,2098.033221,1.408195e-010,8.879076e-002,0.001926,0.918003,1.000000e+000,1.000000e+000
,5,F1CH20180627_MB_plus.15440.15440.3.1.dta,3,2098.033400,7.064956e-007,1.210803e-001,0.002105,1.003322,1.000000e+000,1.000000e+000
,6,F1CH20180627_MB_plus.15499.15499.3.2.dta,3,2098.033296,8.727752e-006,2.531372e-001,0.002001,0.953751,1.000000e+000,1.000000e+000
,7,F1CH20180627_MB_plus.15518.15518.3.2.dta,3,2098.033589,1.484579e-003,3.084553e-001,0.002294,1.093406,1.000000e+000,1.000000e+000
,8,F1CH20180627_MB_plus.15409.15409.3.1.dta,3,2098.033201,5.834745e-003,3.372458e-001,0.001906,0.908471,1.000000e+000,1.000000e+000
,9,F1CH20180627_MB_plus.15498.15498.3.1.dta,3,2098.033296,3.228235e-004,3.632463e-001,0.002001,0.953751,1.000000e+000,1.000000e+000
,10,F1CH20180627_MB_plus.15408.15408.3.1.dta,3,2098.033201,2.454602e-002,3.753726e-001,0.001906,0.908471,1.000000e+000,1.000000e+000
61,KDLPDLYEGKGEK(1)(10),1629.836955,null,sp|P53040|TAF6_YEAST (466)(475)/
,1,F1CH20180627_MB_plus.17145.17145.2.0.dta,2,1629.840041,1.959678e-005,1.530055e-001,0.003086,1.893441,1.000000e+000,1.000000e+000
,2,F1CH20180627_MB_plus.17144.17144.2.0.dta,2,1629.840041,9.839954e-006,1.878761e-001,0.003086,1.893441,1.000000e+000,1.000000e+000
,3,F1CH20180627_MB_plus.17166.17166.2.0.dta,2,1629.839999,1.344278e-005,2.441150e-001,0.003044,1.867671,1.000000e+000,1.000000e+000
62,KDTEDGLQDKTAENK(1)(10),1829.876243,null,sp|P35177|SPT7_YEAST (680)(689)/
,1,F1CH20180627_MB_plus.10020.10020.2.0.dta,2,1829.879214,1.028366e-030,4.865831e-003,0.002971,1.623607,1.000000e+000,1.000000e+000
,2,F1CH20180627_MB_plus.10023.10023.2.0.dta,2,1829.879214,1.427341e-013,8.304406e-003,0.002971,1.623607,1.000000e+000,1.000000e+000
,3,F1CH20180627_MB_plus.10036.10036.2.0.dta,2,1829.879197,7.621722e-010,2.192991e-002,0.002954,1.614317,1.000000e+000,1.000000e+000
63,KFPQAYKSLKPR(7)(10),1600.920899,null,sp|P53040|TAF6_YEAST (366)(369)/
,1,F1CH20180627_MB_plus.12995.12995.2.2.dta,2,1600.922867,2.881754e-005,2.257894e-002,0.001968,1.229292,1.000000e+000,1.000000e+000
,2,F1CH20180627_MB_plus.10417.10417.3.1.dta,3,1600.926811,2.597440e-003,1.403085e-001,0.005912,3.692875,1.000000e+000,1.000000e+000
64,KGNMILKLK(1)(7),1182.727818,null,sp|P38811|TRA1_YEAST (1688)(1694)/
,1,F1CH20180627_MB_plus.16283.16283.2.0.dta,2,1182.729959,2.328405e-005,4.710586e-001,0.002141,1.810222,1.000000e+000,1.000000e+000
65,KGQELKLTCVAK(1)(6),1512.845352,Carbamidomethyl[C](9),sp|P16370|RPB3_YEAST (149)(154)/
,1,F1CH20180627_MB_plus.13029.13029.2.0.dta,2,1512.847383,6.530863e-029,5.458434e-003,0.002031,1.342503,1.000000e+000,1.000000e+000
,2,F1CH20180627_MB_plus.13080.13080.2.1.dta,2,1512.847713,3.790014e-015,9.061929e-003,0.002361,1.560635,1.000000e+000,1.000000e+000
,3,F1CH20180627_MB_plus.13028.13028.2.0.dta,2,1512.847383,3.948678e-022,1.135284e-002,0.002031,1.342503,1.000000e+000,1.000000e+000
,4,F1CH20180627_MB_plus.13079.13079.2.1.dta,2,1512.847713,1.203057e-009,1.232286e-002,0.002361,1.560635,1.000000e+000,1.000000e+000
,5,F1CH20180627_MB_plus.13089.13089.2.1.dta,2,1512.848261,2.186798e-010,2.587708e-002,0.002909,1.922867,1.000000e+000,1.000000e+000
,6,F1CH20180627_MB_plus.13053.13053.2.0.dta,2,1512.847436,2.078525e-012,8.332915e-002,0.002084,1.377537,1.000000e+000,1.000000e+000
66,KISSSNSTEIPSVTGPDALKSQQQQQNTITATNNPR(1)(20),3979.000116,null,sp|Q03761|TAF12_YEAST (284)(303)/
,1,F1CH20180627_MB_plus.16888.16888.3.0.dta,3,3979.005342,1.000000e+000,5.790688e-004,0.005226,1.313395,1.000000e+000,1.000000e+000
,2,F1CH20180627_MB_plus.16830.16830.3.0.dta,3,3979.006063,7.218887e-017,3.100737e-003,0.005947,1.494597,1.000000e+000,1.000000e+000
,3,F1CH20180627_MB_plus.16832.16832.4.0.dta,4,3979.006202,3.722334e-031,3.989269e-003,0.006086,1.529530,1.000000e+000,1.000000e+000
,4,F1CH20180627_MB_plus.16852.16852.4.0.dta,4,3979.006354,1.977709e-020,4.029120e-003,0.006238,1.567731,1.000000e+000,1.000000e+000
,5,F1CH20180627_MB_plus.16850.16850.4.0.dta,4,3979.006354,4.412824e-030,5.415553e-003,0.006238,1.567731,1.000000e+000,1.000000e+000
,6,F1CH20180627_MB_plus.16849.16849.3.0.dta,3,3979.006095,1.646316e-013,6.753755e-003,0.005979,1.502639,1.000000e+000,1.000000e+000
,7,F1CH20180627_MB_plus.16875.16875.4.0.dta,4,3979.006927,2.778156e-022,2.570797e-002,0.006811,1.711737,1.000000e+000,1.000000e+000
,8,F1CH20180627_MB_plus.16831.16831.4.0.dta,4,3979.006202,4.322262e-019,4.693140e-002,0.006086,1.529530,1.000000e+000,1.000000e+000
67,KKGFDPDDIQDFMADK(1)(2),2007.936731,null,sp|P38811|TRA1_YEAST (3477)(3478)/
,1,F1CH20180627_MB_plus.25033.25033.2.0.dta,2,2007.937879,6.680117e-116,5.601199e-008,0.001148,0.571731,1.000000e+000,1.000000e+000
,2,F1CH20180627_MB_plus.25034.25034.2.0.dta,2,2007.937879,2.584417e-112,7.493835e-008,0.001148,0.571731,1.000000e+000,1.000000e+000
,3,F1CH20180627_MB_plus.25047.25047.2.0.dta,2,2007.937888,1.030681e-071,1.139637e-006,0.001157,0.576213,1.000000e+000,1.000000e+000
68,KKGNMILK(1)(2),1069.643760,null,sp|P38811|TRA1_YEAST (1687)(1688)/
,1,F1CH20180627_MB_plus.10021.10021.2.0.dta,2,1069.645179,5.270249e-021,5.365047e-006,0.001419,1.326610,1.000000e+000,1.000000e+000
,2,F1CH20180627_MB_plus.10016.10016.2.0.dta,2,1069.645179,2.313261e-025,1.028000e-005,0.001419,1.326610,1.000000e+000,1.000000e+000
,3,F1CH20180627_MB_plus.10038.10038.2.0.dta,2,1069.645162,3.300286e-030,5.173781e-005,0.001402,1.310717,1.000000e+000,1.000000e+000
69,KKLYECLDSFHK(1)(2),1705.861728,Carbamidomethyl[C](6),sp|P50102|UBP8_YEAST (314)(315)/
,1,F1CH20180627_MB_plus.14349.14349.2.0.dta,2,1705.863622,1.445544e-065,2.496514e-007,0.001894,1.110289,1.000000e+000,1.000000e+000
,2,F1CH20180627_MB_plus.14348.14348.3.0.dta,3,1705.864392,2.899120e-078,2.987675e-007,0.002664,1.561674,1.000000e+000,1.000000e+000
,3,F1CH20180627_MB_plus.14358.14358.3.0.dta,3,1705.864343,1.171572e-048,5.564989e-007,0.002615,1.532950,1.000000e+000,1.000000e+000
,4,F1CH20180627_MB_plus.14337.14337.3.1.dta,3,1705.864219,1.346038e-093,9.394221e-007,0.002491,1.460259,1.000000e+000,1.000000e+000
,5,F1CH20180627_MB_plus.14350.14350.2.0.dta,2,1705.863622,5.304497e-182,2.901441e-006,0.001894,1.110289,1.000000e+000,1.000000e+000
70,KKYEEELSLR(1)(2),1432.768155,null,gi|CON_102456|SWISS-PROT:Q9NSB4 (206)(207)/
,1,F1CH20180627_MB_plus.16535.16535.2.3.dta,2,1432.775221,8.043392e-002,3.565711e-001,0.007066,4.931712,1.000000e+000,1.000000e+000
71,KKYLSTCR(1)(2),1193.634649,Carbamidomethyl[C](7),gi|CON_IPI00690783.3|TREMBL:Q2KJC7;Q8HZM3 (54)(55)/
,1,F1CH20180627_MB_plus.10820.10820.2.4.dta,2,1193.637008,3.724985e-001,4.295214e-001,0.002359,1.976317,1.000000e+000,1.000000e+000
72,KKYNVASYPTNDLK(1)(2),1778.932245,null,sp|P32494|NGG1_YEAST (259)(260)/
,1,F1CH20180627_MB_plus.13435.13435.2.0.dta,2,1778.934235,5.973529e-057,2.192616e-007,0.001990,1.118649,1.000000e+000,1.000000e+000
,2,F1CH20180627_MB_plus.13437.13437.2.0.dta,2,1778.934235,1.141946e-042,2.361024e-007,0.001990,1.118649,1.000000e+000,1.000000e+000
73,KLGGSPKDDSPQEIHEFLER(1)(7),2420.209119,null,sp|P53040|TAF6_YEAST (323)(329)/
,1,F1CH20180627_MB_plus.17371.17371.3.0.dta,3,2420.211155,9.656849e-045,6.773295e-005,0.002036,0.841250,1.000000e+000,1.000000e+000
,2,F1CH20180627_MB_plus.17345.17345.3.0.dta,3,2420.211936,1.518714e-045,6.715838e-004,0.002817,1.163949,1.000000e+000,1.000000e+000
,3,F1CH20180627_MB_plus.17402.17402.2.0.dta,2,2420.211759,1.812768e-007,9.739755e-004,0.002640,1.090815,1.000000e+000,1.000000e+000
,4,F1CH20180627_MB_plus.17405.17405.3.0.dta,3,2420.210595,1.499252e-025,2.328709e-003,0.001476,0.609865,1.000000e+000,1.000000e+000
74,KLQAIDKKR(7)(8),1237.762621,null,sp|Q02336|ADA2_YEAST (238)(239)/
,1,F1CH20180627_MB_plus.4882.4882.2.1.dta,2,1237.765216,1.000000e+000,3.836618e-003,0.002595,2.096525,1.000000e+000,1.000000e+000
75,KLTKDIFR(1)(4),1158.688065,null,sp|P08518|RPB2_YEAST (423)(426)/
,1,F1CH20180627_MB_plus.17288.17288.2.0.dta,2,1158.689862,1.358691e-014,1.666892e-002,0.001797,1.550892,1.000000e+000,1.000000e+000
,2,F1CH20180627_MB_plus.17284.17284.2.0.dta,2,1158.689862,5.375617e-017,2.128975e-002,0.001797,1.550892,1.000000e+000,1.000000e+000
76,KNAKDQDASAGVASGTGNPGAGGEDDLKK(1)(4),2896.391762,null,sp|P06844|SPT3_YEAST (89)(92)/
,1,F1CH20180627_MB_plus.6913.6913.3.0.dta,3,2896.394966,1.000000e+000,2.203624e-005,0.003204,1.106204,1.000000e+000,1.000000e+000
77,KPIASAFILPEEDLENDVKADPTTTVNAKVGAENDGDSSLFLR(19)(29),4725.377932,null,sp|P35177|SPT7_YEAST (1274)(1284)/
,1,F1CH20180627_MB_plus.28392.28392.4.0.dta,4,4725.383055,1.617754e-025,3.794835e-004,0.005123,1.084146,1.000000e+000,1.000000e+000
78,KPKWLELLHNKIWK(1)(3),1971.157758,null,sp|P38811|TRA1_YEAST (1830)(1832)/
,1,F1CH20180627_MB_plus.21398.21398.3.0.dta,3,1971.160092,7.590503e-014,3.366766e-002,0.002334,1.184076,1.000000e+000,1.000000e+000
,2,F1CH20180627_MB_plus.21391.21391.3.0.dta,3,1971.160092,1.532044e-013,1.341887e-001,0.002334,1.184076,1.000000e+000,1.000000e+000
79,KSEMKLSANK(1)(5),1273.681988,null,sp|P38915|SPT8_YEAST (244)(248)/
,1,F1CH20180627_MB_minus.15810.15810.2.1.dta,2,1273.674813,1.030737e-002,3.153661e-001,-0.007175,-5.633274,1.000000e+000,1.000000e+000
,2,F1CH20180627_MB_minus.15813.15813.2.1.dta,2,1273.674813,2.859821e-003,3.197994e-001,-0.007175,-5.633274,1.000000e+000,1.000000e+000
,3,F1CH20180627_MB_minus.15814.15814.3.1.dta,3,1273.673709,1.048405e-002,3.901761e-001,-0.008279,-6.500053,1.000000e+000,1.000000e+000
,4,F1CH20180627_MB_minus.15914.15914.3.1.dta,3,1273.673293,1.414537e-001,4.696015e-001,-0.008695,-6.826665,1.000000e+000,1.000000e+000
,5,F1CH20180627_MB_minus.13861.13861.2.0.dta,2,1273.681018,3.832553e-001,4.829953e-001,-0.000970,-0.761572,1.000000e+000,1.000000e+000
,6,F1CH20180627_MB_minus.13857.13857.2.0.dta,2,1273.681018,3.632706e-001,4.881934e-001,-0.000970,-0.761572,1.000000e+000,1.000000e+000
80,KSEMKLSANKTDYEPK(5)(10),2007.010226,null,sp|P38915|SPT8_YEAST (248)(253)/
,1,F1CH20180627_MB_minus.24861.24861.3.2.dta,3,2007.009221,3.106478e-001,4.637415e-001,-0.001005,-0.500745,1.000000e+000,1.000000e+000
81,KSQLGISDYELKHLIMDVR(1)(12),2383.268880,null,sp|P35177|SPT7_YEAST (410)(421)/
,1,F1CH20180627_MB_plus.26153.26153.3.0.dta,3,2383.272881,5.363126e-011,1.639085e-001,0.004001,1.678787,1.000000e+000,1.000000e+000
82,KVPSPTGEYVKEPEWVLETDGVNLSEVMTVPGIDPTR(1)(11),4207.115324,null,sp|P04050|RPB1_YEAST (1290)(1300)/
,1,F1CH20180627_MB_plus.31018.31018.3.0.dta,3,4207.122834,5.595908e-030,4.581927e-005,0.007510,1.785071,1.000000e+000,1.000000e+000
,2,F1CH20180627_MB_plus.31011.31011.3.0.dta,3,4207.122834,1.584514e-032,5.688170e-005,0.007510,1.785071,1.000000e+000,1.000000e+000
,3,F1CH20180627_MB_plus.31020.31020.4.0.dta,4,4207.124157,2.224012e-031,6.648352e-005,0.008833,2.099538,1.000000e+000,1.000000e+000
,4,F1CH20180627_MB_plus.31019.31019.3.0.dta,3,4207.122834,1.000000e+000,1.036985e-003,0.007510,1.785071,1.000000e+000,1.000000e+000
,5,F1CH20180627_MB_plus.30421.30421.3.0.dta,3,4223.117403,1.000000e+000,2.031413e-003,0.007164,1.696380,1.000000e+000,1.000000e+000
83,LAEVNLKDLNNVKQMVMAGSK(7)(13),2440.293710,null,sp|P04050|RPB1_YEAST (738)(744)/
,1,F1CH20180627_MB_plus.29809.29809.2.2.dta,2,2440.279978,1.000000e+000,1.567912e-001,-0.013732,-5.627191,1.000000e+000,1.000000e+000
84,LESNKYQKMEDFIYDAR(5)(8),2288.090258,null,sp|Q03330|GCN5_YEAST (385)(388)/
,1,F1CH20180627_MB_plus.27941.27941.2.2.dta,2,2288.092631,3.202859e-008,2.381283e-002,0.002373,1.037109,1.000000e+000,1.000000e+000
,2,F1CH20180627_MB_plus.27949.27949.2.2.dta,2,2288.092771,4.128881e-006,2.538436e-002,0.002513,1.098296,1.000000e+000,1.000000e+000
85,LFNKSLSKNVETR(4)(8),1673.922017,null,sp|P38811|TRA1_YEAST (3428)(3432)/
,1,F1CH20180627_MB_plus.15115.15115.2.0.dta,2,1673.923852,8.378963e-014,6.905964e-003,0.001835,1.096228,1.000000e+000,1.000000e+000
,2,F1CH20180627_MB_plus.15114.15114.2.0.dta,2,1673.923852,1.159640e-018,7.934491e-003,0.001835,1.096228,1.000000e+000,1.000000e+000
,3,F1CH20180627_MB_plus.15125.15125.2.0.dta,2,1673.923866,2.769645e-013,1.665991e-002,0.001849,1.104591,1.000000e+000,1.000000e+000
86,LKEILNVAKNMK(2)(9),1538.897386,null,sp|P04050|RPB1_YEAST (1102)(1109)/
,1,F1CH20180627_MB_plus.20473.20473.2.0.dta,2,1538.899455,7.172273e-009,7.914726e-002,0.002069,1.344469,1.000000e+000,1.000000e+000
87,LKHTDYWYEQDSAKEWPQSK(2)(14),2677.256792,null,sp|P16370|RPB3_YEAST (187)(199)/
,1,F1CH20180627_MB_plus.15947.15947.3.0.dta,3,2677.260046,7.456980e-012,1.614878e-002,0.003254,1.215423,1.000000e+000,1.000000e+000
,2,F1CH20180627_MB_plus.15913.15913.3.0.dta,3,2677.260331,5.880139e-020,3.476334e-002,0.003539,1.321875,1.000000e+000,1.000000e+000
,3,F1CH20180627_MB_plus.16018.16018.3.0.dta,3,2677.259677,4.824347e-007,8.464081e-002,0.002885,1.077596,1.000000e+000,1.000000e+000
88,LKKVEEEENAATLQLGQEFQLK(2)(3),2683.418762,null,sp|P20433|RPB4_YEAST (16)(17)/
,1,F1CH20180627_MB_plus.24066.24066.2.0.dta,2,2683.420223,1.000000e+000,5.851483e-007,0.001461,0.544455,1.000000e+000,1.000000e+000
,2,F1CH20180627_MB_plus.24062.24062.3.0.dta,3,2683.423309,1.161235e-072,2.648009e-006,0.004547,1.694480,1.000000e+000,1.000000e+000
,3,F1CH20180627_MB_plus.24045.24045.2.1.dta,2,2683.419431,1.000000e+000,1.789449e-005,0.000669,0.249309,1.000000e+000,1.000000e+000
89,LKQKEQERK(2)(4),1324.758261,null,gi|CON_IPI00694561.1|ENSEMBL:ENSBTAP00000001528 (633)(635)/
,1,F1CH20180627_MB_plus.3800.3800.3.1.dta,3,1324.757188,8.480872e-003,1.562802e-001,-0.001073,-0.809959,1.000000e+000,1.000000e+000
90,LLEGEDIKTTEYQLSTLEMKDIK(8)(20),2851.453151,Oxidation[M](19),gi|CON_IPI00135197.5|SWISS-PROT:Q9D312 (387)(399)/
,1,F1CH20180627_MB_minus.31401.31401.3.0.dta,3,2851.462922,6.808725e-003,2.631849e-001,0.009771,3.426674,1.000000e+000,1.000000e+000
91,LLEWDLQTGDIVNEFKKSR(16)(17),2429.270989,null,sp|P38915|SPT8_YEAST (346)(347)/
,1,F1CH20180627_MB_plus.30064.30064.2.0.dta,2,2429.274708,1.828233e-015,2.091111e-007,0.003719,1.530912,1.000000e+000,1.000000e+000
,2,F1CH20180627_MB_plus.30168.30168.2.0.dta,2,2429.276028,4.980593e-024,2.138266e-007,0.005039,2.074285,1.000000e+000,1.000000e+000
,3,F1CH20180627_MB_plus.30066.30066.2.0.dta,2,2429.274708,1.838399e-036,2.631083e-007,0.003719,1.530912,1.000000e+000,1.000000e+000
,4,F1CH20180627_MB_plus.30166.30166.2.0.dta,2,2429.276028,1.311709e-027,2.893004e-007,0.005039,2.074285,1.000000e+000,1.000000e+000
,5,F1CH20180627_MB_plus.30167.30167.2.0.dta,2,2429.276028,3.928175e-022,4.135033e-007,0.005039,2.074285,1.000000e+000,1.000000e+000
,6,F1CH20180627_MB_plus.30268.30268.2.0.dta,2,2429.274282,1.385341e-022,7.381633e-007,0.003293,1.355551,1.000000e+000,1.000000e+000
,7,F1CH20180627_MB_plus.30170.30170.2.0.dta,2,2429.276028,3.311820e-016,9.132091e-007,0.005039,2.074285,1.000000e+000,1.000000e+000
,8,F1CH20180627_MB_plus.30269.30269.2.0.dta,2,2429.274282,2.967570e-013,2.172999e-006,0.003293,1.355551,1.000000e+000,1.000000e+000
,9,F1CH20180627_MB_plus.30169.30169.3.0.dta,3,2429.283997,1.133673e-047,2.183673e-006,0.013008,5.354693,1.000000e+000,1.000000e+000
,10,F1CH20180627_MB_plus.30171.30171.3.0.dta,3,2429.283997,5.574247e-042,2.757178e-006,0.013008,5.354693,1.000000e+000,1.000000e+000
,11,F1CH20180627_MB_plus.30267.30267.2.0.dta,2,2429.274282,1.023445e-034,3.583023e-006,0.003293,1.355551,1.000000e+000,1.000000e+000
,12,F1CH20180627_MB_plus.30185.30185.2.0.dta,2,2429.276220,1.766600e-013,4.216082e-006,0.005231,2.153321,1.000000e+000,1.000000e+000
,13,F1CH20180627_MB_plus.30065.30065.3.0.dta,3,2429.277219,8.303685e-026,5.116167e-006,0.006230,2.564555,1.000000e+000,1.000000e+000
,14,F1CH20180627_MB_plus.30105.30105.2.0.dta,2,2429.275634,1.230549e-010,1.196276e-005,0.004645,1.912096,1.000000e+000,1.000000e+000
,15,F1CH20180627_MB_plus.30090.30090.3.0.dta,3,2429.280807,3.240162e-038,1.366444e-005,0.009818,4.041542,1.000000e+000,1.000000e+000
,16,F1CH20180627_MB_plus.30088.30088.2.0.dta,2,2429.275160,1.895676e-015,1.636253e-005,0.004171,1.716976,1.000000e+000,1.000000e+000
,17,F1CH20180627_MB_plus.30114.30114.3.0.dta,3,2429.282478,4.761084e-042,2.125706e-005,0.011489,4.729402,1.000000e+000,1.000000e+000
,18,F1CH20180627_MB_plus.30190.30190.3.0.dta,3,2429.278361,4.536566e-033,6.503565e-005,0.007372,3.034655,1.000000e+000,1.000000e+000
,19,F1CH20180627_MB_plus.30152.30152.3.0.dta,3,2429.283787,1.159693e-016,1.510293e-003,0.012798,5.268247,1.000000e+000,1.000000e+000
92,LLSAVLKDDNDKSELQSSKIIR(12)(19),2610.434745,null,sp|P32494|NGG1_YEAST (416)(423)/
,1,F1CH20180627_MB_plus.18670.18670.3.0.dta,3,2610.445489,1.388172e-015,7.332942e-004,0.010744,4.115790,1.000000e+000,1.000000e+000
,2,F1CH20180627_MB_plus.18712.18712.3.0.dta,3,2610.445887,1.872354e-017,3.995472e-003,0.011142,4.268255,1.000000e+000,1.000000e+000
93,LNHNQFECKGCDNKIDIYQIHIPYAAK(9)(14),3427.656036,Carbamidomethyl[C](8);Carbamidomethyl[C](11),sp|P08518|RPB2_YEAST (1183)(1188)/
,1,F1CH20180627_MB_plus.19010.19010.4.1.dta,4,3427.658748,3.670876e-018,2.205446e-004,0.002712,0.791211,1.000000e+000,1.000000e+000
94,LQAIDKKR(6)(7),1109.667665,null,sp|Q02336|ADA2_YEAST (238)(239)/
,1,F1CH20180627_MB_plus.8607.8607.2.0.dta,2,1109.668998,4.381268e-023,6.108336e-005,0.001333,1.201261,1.000000e+000,1.000000e+000
,2,F1CH20180627_MB_plus.8604.8604.2.0.dta,2,1109.668998,1.444382e-023,6.904176e-005,0.001333,1.201261,1.000000e+000,1.000000e+000
,3,F1CH20180627_MB_plus.8626.8626.2.0.dta,2,1109.668962,1.976890e-011,1.301715e-003,0.001297,1.168818,1.000000e+000,1.000000e+000
95,LRKKSVSLR(3)(4),1224.778604,null,gi|CON_IPI00166126.2|TREMBL:Q8N1A0 (244)(245)/
,1,F1CH20180627_MB_plus.6763.6763.2.0.dta,2,1224.779922,1.548112e-003,3.995477e-001,0.001318,1.076113,1.000000e+000,1.000000e+000
,2,F1CH20180627_MB_plus.6765.6765.2.0.dta,2,1224.779922,4.961237e-003,4.073660e-001,0.001318,1.076113,1.000000e+000,1.000000e+000
96,LVGSWKKDR(6)(7),1226.689126,null,sp|P04050|RPB1_YEAST (186)(187)/
,1,F1CH20180627_MB_plus.12565.12565.2.0.dta,2,1226.690804,1.110772e-023,1.006752e-004,0.001678,1.367910,1.000000e+000,1.000000e+000
,2,F1CH20180627_MB_plus.12467.12467.2.0.dta,2,1226.693349,3.695723e-019,1.841419e-004,0.004223,3.442600,1.000000e+000,1.000000e+000
,3,F1CH20180627_MB_plus.12468.12468.2.0.dta,2,1226.693349,1.064426e-024,2.444122e-004,0.004223,3.442600,1.000000e+000,1.000000e+000
,4,F1CH20180627_MB_plus.12570.12570.2.0.dta,2,1226.690804,5.496661e-026,6.401165e-004,0.001678,1.367910,1.000000e+000,1.000000e+000
,5,F1CH20180627_MB_plus.12478.12478.2.0.dta,2,1226.692814,4.084280e-016,2.285825e-003,0.003688,3.006467,1.000000e+000,1.000000e+000
,6,F1CH20180627_MB_plus.12490.12490.2.0.dta,2,1226.692675,6.173503e-012,5.593672e-003,0.003549,2.893154,1.000000e+000,1.000000e+000
97,LYNVEIAVDASNSTTKSSKVPFLIVPGHHGGIISNLYLDPTSR(16)(19),4748.493174,null,sp|P38915|SPT8_YEAST (548)(551)/
,1,F1CH20180627_MB_plus.26891.26891.5.0.dta,5,4748.499656,4.157735e-048,9.072987e-006,0.006482,1.365065,1.000000e+000,1.000000e+000
,2,F1CH20180627_MB_plus.26844.26844.4.0.dta,4,4748.503115,3.783055e-014,1.082545e-005,0.009941,2.093506,1.000000e+000,1.000000e+000
,3,F1CH20180627_MB_plus.26878.26878.4.0.dta,4,4748.501428,4.676704e-019,1.265684e-005,0.008254,1.738236,1.000000e+000,1.000000e+000
,4,F1CH20180627_MB_plus.26880.26880.3.0.dta,3,4748.496667,1.000000e+000,4.259632e-005,0.003493,0.735602,1.000000e+000,1.000000e+000
,5,F1CH20180627_MB_plus.26877.26877.3.0.dta,3,4748.496667,1.000000e+000,5.425560e-005,0.003493,0.735602,1.000000e+000,1.000000e+000
,6,F1CH20180627_MB_plus.26869.26869.4.0.dta,4,4748.502372,9.926822e-018,1.816894e-004,0.009198,1.937036,1.000000e+000,1.000000e+000
,7,F1CH20180627_MB_plus.26945.26945.4.0.dta,4,4748.498791,9.944770e-025,3.714852e-004,0.005617,1.182902,1.000000e+000,1.000000e+000
,8,F1CH20180627_MB_plus.26947.26947.4.0.dta,4,4748.498791,1.336099e-018,1.293447e-003,0.005617,1.182902,1.000000e+000,1.000000e+000
,9,F1CH20180627_MB_plus.26920.26920.3.0.dta,3,4748.500056,1.000000e+000,1.541957e-003,0.006882,1.449302,1.000000e+000,1.000000e+000
,10,F1CH20180627_MB_plus.26886.26886.4.0.dta,4,4748.501444,3.438595e-017,1.902219e-003,0.008270,1.741605,1.000000e+000,1.000000e+000
98,MDKTATPTNEHQHDEQKAAAAGAGGAGDSGDAVTK(3)(17),3575.630142,null,sp|P38915|SPT8_YEAST (82)(96)/
,1,F1CH20180627_MB_plus.6992.6992.4.0.dta,4,3575.637167,1.000000e+000,2.582743e-004,0.007025,1.964689,1.000000e+000,1.000000e+000
99,MKHGTYDKLDDDGLIAPGVR(2)(8),2339.169899,null,sp|P08518|RPB2_YEAST (886)(892)/
,1,F1CH20180627_MB_plus.16992.16992.2.0.dta,2,2339.172214,3.554467e-053,2.837993e-005,0.002315,0.989667,1.000000e+000,1.000000e+000
,2,F1CH20180627_MB_plus.17061.17061.3.0.dta,3,2339.177486,4.299647e-030,3.953835e-005,0.007587,3.243458,1.000000e+000,1.000000e+000
,3,F1CH20180627_MB_plus.16967.16967.3.0.dta,3,2339.175569,1.445111e-057,4.389791e-005,0.005670,2.423937,1.000000e+000,1.000000e+000
,4,F1CH20180627_MB_plus.17424.17424.3.0.dta,3,2339.174183,1.101203e-051,5.306446e-005,0.004284,1.831419,1.000000e+000,1.000000e+000
,5,F1CH20180627_MB_plus.16993.16993.2.0.dta,2,2339.172214,2.269003e-012,6.648684e-005,0.002315,0.989667,1.000000e+000,1.000000e+000
,6,F1CH20180627_MB_plus.16994.16994.3.0.dta,3,2339.176673,3.063661e-019,7.760664e-005,0.006774,2.895899,1.000000e+000,1.000000e+000
,7,F1CH20180627_MB_plus.16981.16981.3.0.dta,3,2339.176801,8.425847e-039,1.016432e-004,0.006902,2.950619,1.000000e+000,1.000000e+000
,8,F1CH20180627_MB_plus.17005.17005.2.0.dta,2,2339.172253,9.988341e-029,2.892008e-004,0.002354,1.006340,1.000000e+000,1.000000e+000
100,MPSKPIHNLKLPSISGPVSCVK(4)(10),2527.377376,Carbamidomethyl[C](20),sp|P38915|SPT8_YEAST (497)(503)/
,1,F1CH20180627_MB_plus.18366.18366.2.0.dta,2,2527.381135,1.625747e-065,9.275557e-005,0.003759,1.487313,1.000000e+000,1.000000e+000
,2,F1CH20180627_MB_plus.18437.18437.3.0.dta,3,2527.382863,1.597197e-034,1.264370e-004,0.005487,2.171025,1.000000e+000,1.000000e+000
,3,F1CH20180627_MB_plus.18338.18338.3.0.dta,3,2527.382613,2.209651e-046,1.435290e-004,0.005237,2.072108,1.000000e+000,1.000000e+000
,4,F1CH20180627_MB_plus.17132.17132.3.0.dta,3,2543.378276,1.612875e-020,5.490661e-002,0.005986,2.353568,1.000000e+000,1.000000e+000
101,NACVEQFDLKMPSKPIHNLK(10)(14),2507.278395,Carbamidomethyl[C](3),sp|P38915|SPT8_YEAST (493)(497)/
,1,F1CH20180627_MB_plus.17998.17998.3.0.dta,3,2507.282647,8.183557e-037,8.321544e-004,0.004252,1.695863,1.000000e+000,1.000000e+000
102,NDEEKDFPSKQSSTEPR(5)(10),2131.977737,null,sp|P38811|TRA1_YEAST (192)(197)/
,1,F1CH20180627_MB_plus.11080.11080.2.0.dta,2,2131.978121,4.621583e-013,1.895075e-003,0.000384,0.180114,1.000000e+000,1.000000e+000
,2,F1CH20180627_MB_plus.11182.11182.2.0.dta,2,2131.978027,1.000000e+000,2.327849e-003,0.000290,0.136024,1.000000e+000,1.000000e+000
,3,F1CH20180627_MB_plus.11079.11079.2.0.dta,2,2131.978121,6.621491e-015,2.661554e-003,0.000384,0.180114,1.000000e+000,1.000000e+000
,4,F1CH20180627_MB_plus.11184.11184.2.0.dta,2,2131.978027,4.192701e-015,4.267969e-003,0.000290,0.136024,1.000000e+000,1.000000e+000
,5,F1CH20180627_MB_plus.11119.11119.3.0.dta,3,2131.977774,1.427278e-016,5.127430e-002,0.000037,0.017355,1.000000e+000,1.000000e+000
103,NEKTTKMTTGGK(3)(6),1449.725302,Oxidation[M](7),gi|CON_IPI00704150.1|SWISS-PROT:P07224 (367)(370)/
,1,F1CH20180627_MB_minus.33707.33707.2.0.dta,2,1449.728876,1.334057e-001,4.126462e-001,0.003574,2.465295,1.000000e+000,1.000000e+000
104,NGNESSWGFGNGSNNPNNKLKR(19)(21),2529.186422,null,sp|Q12060|HFI1_YEAST (167)(169)/
,1,F1CH20180627_MB_plus.14533.14533.2.0.dta,2,2529.189573,1.000000e+000,1.830899e-005,0.003151,1.245855,1.000000e+000,1.000000e+000
,2,F1CH20180627_MB_plus.14536.14536.3.0.dta,3,2529.189152,7.078505e-042,4.283124e-005,0.002730,1.079398,1.000000e+000,1.000000e+000
,3,F1CH20180627_MB_plus.14563.14563.2.0.dta,2,2529.189219,1.000000e+000,4.402979e-005,0.002797,1.105889,1.000000e+000,1.000000e+000
,4,F1CH20180627_MB_plus.14545.14545.3.0.dta,3,2529.189113,4.468598e-038,1.063424e-004,0.002691,1.063979,1.000000e+000,1.000000e+000
105,NKGKNNGK(2)(4),997.542471,null,gi|CON_IPI00701166.1|SWISS-PROT:P01044-1 (487)(489)/gi|CON_IPI00714019.1|SWISS-PROT:P01045-1 (485)(487)/gi|CON_IPI00742645.1|TREMBL:Q2KJ62 (487)(489)/
,1,F1CH20180627_MB_minus.11844.11844.2.0.dta,2,997.537367,1.042621e-005,9.701678e-002,-0.005104,-5.116574,1.000000e+000,1.000000e+000
,2,F1CH20180627_MB_minus.12562.12562.2.0.dta,2,997.536930,6.118936e-005,9.887122e-002,-0.005541,-5.554651,1.000000e+000,1.000000e+000
,3,F1CH20180627_MB_minus.12564.12564.2.0.dta,2,997.536930,2.031577e-004,1.155574e-001,-0.005541,-5.554651,1.000000e+000,1.000000e+000
,4,F1CH20180627_MB_minus.12583.12583.2.0.dta,2,997.536936,4.460416e-003,2.507718e-001,-0.005535,-5.548636,1.000000e+000,1.000000e+000
,5,F1CH20180627_MB_minus.11863.11863.2.0.dta,2,997.537226,4.129520e-003,2.759981e-001,-0.005245,-5.257921,1.000000e+000,1.000000e+000
106,NLTYSSGLFVDVKKR(13)(14),1865.016638,null,sp|P08518|RPB2_YEAST (133)(134)/
,1,F1CH20180627_MB_plus.21577.21577.2.0.dta,2,1865.017789,2.744221e-062,6.096379e-007,0.001151,0.617153,1.000000e+000,1.000000e+000
107,NPTEKHLIDFNKQCGVELPEGGYCAR(5)(12),3170.503235,Carbamidomethyl[C](14);Carbamidomethyl[C](24),sp|P53165|SGF73_YEAST (224)(231)/
,1,F1CH20180627_MB_plus.18431.18431.3.0.dta,3,3170.508227,7.460846e-039,2.265700e-004,0.004992,1.574513,1.000000e+000,1.000000e+000
108,NSCSKSKGFGSGSPGNSSKDLSR(5)(7),2482.162575,Carbamidomethyl[C](3),gi|CON_IPI00703407.2|TREMBL:Q148H6 (403)(405)/
,1,F1CH20180627_MB_minus.28689.28689.2.1.dta,2,2482.185015,1.000000e+000,4.885895e-001,0.022440,9.040504,1.000000e+000,1.000000e+000
109,NYTEHSTPFLNKVSKR(12)(15),2059.060620,null,sp|P35177|SPT7_YEAST (469)(472)/
,1,F1CH20180627_MB_plus.13143.13143.2.0.dta,2,2059.063759,4.431072e-020,1.428052e-005,0.003139,1.524482,1.000000e+000,1.000000e+000
,2,F1CH20180627_MB_plus.13245.13245.2.0.dta,2,2059.065124,1.000000e+000,1.505478e-005,0.004504,2.187405,1.000000e+000,1.000000e+000
,3,F1CH20180627_MB_plus.13244.13244.2.0.dta,2,2059.065124,1.000000e+000,1.510152e-005,0.004504,2.187405,1.000000e+000,1.000000e+000
,4,F1CH20180627_MB_plus.13116.13116.3.0.dta,3,2059.064669,9.251971e-063,6.409629e-005,0.004049,1.966431,1.000000e+000,1.000000e+000
,5,F1CH20180627_MB_plus.13154.13154.3.0.dta,3,2059.068341,1.387028e-031,9.627053e-004,0.007721,3.749768,1.000000e+000,1.000000e+000
,6,F1CH20180627_MB_plus.13192.13192.3.1.dta,3,2059.071848,2.152281e-008,2.402833e-002,0.011228,5.452972,1.000000e+000,1.000000e+000
,7,F1CH20180627_MB_plus.13382.13382.3.1.dta,3,2059.063494,9.200273e-004,1.520864e-001,0.002874,1.395782,1.000000e+000,1.000000e+000
,8,F1CH20180627_MB_plus.13483.13483.3.1.dta,3,2059.064314,4.453124e-002,2.106703e-001,0.003694,1.794022,1.000000e+000,1.000000e+000
,9,F1CH20180627_MB_plus.13282.13282.3.1.dta,3,2059.064714,1.758315e-002,2.229599e-001,0.004094,1.988285,1.000000e+000,1.000000e+000
,10,F1CH20180627_MB_plus.13176.13176.3.1.dta,3,2059.070135,1.038748e-002,3.018590e-001,0.009515,4.621039,1.000000e+000,1.000000e+000
110,PLFIVEDDESLGHKELKVR(14)(17),2362.265178,null,sp|P08518|RPB2_YEAST (649)(652)/
,1,F1CH20180627_MB_plus.20767.20767.3.0.dta,3,2362.268470,3.893491e-036,2.901441e-006,0.003292,1.393578,1.000000e+000,1.000000e+000
111,PQDAKGSMILDICTKYLGDQDATMSILDISMMTGFSPDVEDLKTLSTGVDR(5)(15),5749.718651,Carbamidomethyl[C](13);Oxidation[M](8);Oxidation[M](31),gi|CON_IPI00713505.1|SWISS-PROT:Q2UVX4 (1381)(1391)/
,1,F1CH20180627_MB_minus.23277.23277.5.0.dta,5,5749.709907,1.000000e+000,3.869958e-001,-0.008744,-1.520770,1.000000e+000,1.000000e+000
112,QAADNMAKEEINEDKDLQVHR(8)(15),2592.235735,null,sp|P32494|NGG1_YEAST (164)(171)/
,1,F1CH20180627_MB_plus.15435.15435.3.0.dta,3,2592.239416,1.041627e-027,5.127839e-003,0.003681,1.420010,1.000000e+000,1.000000e+000
113,QALAIKDSKKR(6)(9),1395.831755,null,sp|P04050|RPB1_YEAST (129)(132)/
,1,F1CH20180627_MB_plus.5655.5655.2.0.dta,2,1395.834187,1.000000e+000,1.312217e-001,0.002432,1.742330,1.000000e+000,1.000000e+000
114,QDSISSKIKDCCEKK(7)(9),1963.946246,Carbamidomethyl[C](11);Carbamidomethyl[C](12),gi|CON_IPI00729821.1|REFSEQ:XP_585019 (298)(300)/
,1,F1CH20180627_MB_minus.12121.12121.3.1.dta,3,1963.943081,1.108856e-002,3.297909e-001,-0.003165,-1.611551,1.000000e+000,1.000000e+000
,2,F1CH20180627_MB_minus.12144.12144.2.1.dta,2,1963.943024,3.960876e-001,4.847924e-001,-0.003222,-1.640574,1.000000e+000,1.000000e+000
115,QKIEQNSIMKNGFGTVLK(2)(10),2173.168447,null,sp|P35177|SPT7_YEAST (797)(805)/
,1,F1CH20180627_MB_plus.20262.20262.2.0.dta,2,2173.170727,5.171766e-017,2.053529e-003,0.002280,1.049159,1.000000e+000,1.000000e+000
,2,F1CH20180627_MB_plus.20265.20265.2.0.dta,2,2173.170727,2.028676e-011,9.771459e-003,0.002280,1.049159,1.000000e+000,1.000000e+000
116,QLVKDRKFLR(4)(7),1440.868474,null,sp|P04050|RPB1_YEAST (938)(941)/
,1,F1CH20180627_MB_plus.6543.6543.3.1.dta,3,1440.869355,8.835418e-003,3.039621e-001,0.000881,0.611437,1.000000e+000,1.000000e+000
117,QQQALEQQQNGGAMKNANKR(15)(19),2380.178501,null,sp|P50875|SPT20_YEAST (539)(543)/
,1,F1CH20180627_MB_plus.6815.6815.2.0.dta,2,2380.182183,1.000000e+000,7.629352e-006,0.003682,1.546943,1.000000e+000,1.000000e+000
,2,F1CH20180627_MB_plus.6814.6814.2.0.dta,2,2380.182183,1.000000e+000,1.242733e-005,0.003682,1.546943,1.000000e+000,1.000000e+000
,3,F1CH20180627_MB_plus.6812.6812.3.0.dta,3,2380.187578,1.821281e-043,2.081117e-005,0.009077,3.813580,1.000000e+000,1.000000e+000
,4,F1CH20180627_MB_plus.6816.6816.2.0.dta,2,2380.182183,1.000000e+000,4.759287e-005,0.003682,1.546943,1.000000e+000,1.000000e+000
,5,F1CH20180627_MB_plus.6925.6925.2.0.dta,2,2380.181160,1.000000e+000,8.568903e-005,0.002659,1.117143,1.000000e+000,1.000000e+000
,6,F1CH20180627_MB_plus.6919.6919.3.0.dta,3,2380.181718,4.130349e-026,1.888365e-004,0.003217,1.351579,1.000000e+000,1.000000e+000
,7,F1CH20180627_MB_plus.6819.6819.3.0.dta,3,2380.188184,3.807512e-043,3.865936e-004,0.009683,4.068182,1.000000e+000,1.000000e+000
,8,F1CH20180627_MB_plus.6829.6829.2.0.dta,2,2380.183360,1.000000e+000,4.880473e-004,0.004859,2.041444,1.000000e+000,1.000000e+000
,9,F1CH20180627_MB_plus.6922.6922.3.0.dta,3,2380.181718,4.881962e-015,1.278753e-003,0.003217,1.351579,1.000000e+000,1.000000e+000
,10,F1CH20180627_MB_plus.7681.7681.3.1.dta,3,2380.176981,5.847752e-008,1.865181e-003,-0.001520,-0.638608,1.000000e+000,1.000000e+000
,11,F1CH20180627_MB_plus.7953.7953.3.1.dta,3,2380.175241,1.317338e-011,1.967779e-003,-0.003260,-1.369645,1.000000e+000,1.000000e+000
,12,F1CH20180627_MB_plus.6832.6832.3.0.dta,3,2380.190171,5.137215e-029,3.402353e-003,0.011670,4.902994,1.000000e+000,1.000000e+000
,13,F1CH20180627_MB_plus.6842.6842.3.0.dta,3,2380.189999,1.264279e-026,4.709186e-003,0.011498,4.830730,1.000000e+000,1.000000e+000
,14,F1CH20180627_MB_plus.6834.6834.2.0.dta,2,2380.183318,1.000000e+000,5.008588e-003,0.004817,2.023798,1.000000e+000,1.000000e+000
,15,F1CH20180627_MB_plus.4590.4590.3.0.dta,3,2396.177319,1.000000e+000,7.948593e-003,0.003904,1.629264,1.000000e+000,1.000000e+000
,16,F1CH20180627_MB_plus.4609.4609.3.0.dta,3,2396.177172,1.000000e+000,1.030080e-001,0.003757,1.567917,1.000000e+000,1.000000e+000
,17,F1CH20180627_MB_plus.4639.4639.3.1.dta,3,2396.177423,1.000000e+000,2.588451e-001,0.004008,1.672667,1.000000e+000,1.000000e+000
,18,F1CH20180627_MB_plus.4637.4637.3.1.dta,3,2396.177423,1.000000e+000,2.779713e-001,0.004008,1.672667,1.000000e+000,1.000000e+000
,19,F1CH20180627_MB_plus.6863.6863.2.0.dta,2,2380.183422,1.000000e+000,3.727601e-001,0.004921,2.067492,1.000000e+000,1.000000e+000
118,QVLDNLTMEKSDLEMQYETLQEELMALKKNHK(28)(29),4035.959757,Oxidation[M](8);Oxidation[M](15);Oxidation[M](25),gi|CON_IPI00019359.3|SWISS-PROT:P35527 (289)(290)/
,1,F1CH20180627_MB_minus.28078.28078.3.0.dta,3,4035.961210,1.000000e+000,1.939571e-001,0.001453,0.360014,1.000000e+000,1.000000e+000
,2,F1CH20180627_MB_minus.28060.28060.4.0.dta,4,4035.962638,1.321301e-001,3.255846e-001,0.002881,0.713833,1.000000e+000,1.000000e+000
119,SAGNIVQVFKKAAPSPISHVAEIR(10)(11),2657.477219,null,sp|P08518|RPB2_YEAST (227)(228)/
,1,F1CH20180627_MB_plus.22915.22915.3.0.dta,3,2657.480851,1.923525e-043,3.584753e-005,0.003632,1.366710,1.000000e+000,1.000000e+000
120,SGDAEIKGIKPK(7)(10),1380.773241,null,sp|P53165|SGF73_YEAST (9)(12)/
,1,F1CH20180627_MB_plus.12245.12245.2.0.dta,2,1380.774969,3.481699e-025,1.827644e-004,0.001728,1.251473,1.000000e+000,1.000000e+000
,2,F1CH20180627_MB_plus.12246.12246.2.0.dta,2,1380.774969,3.554500e-037,3.855053e-004,0.001728,1.251473,1.000000e+000,1.000000e+000
,3,F1CH20180627_MB_plus.12295.12295.2.0.dta,2,1380.774577,1.399433e-029,1.150187e-003,0.001336,0.967574,1.000000e+000,1.000000e+000
121,SINNGNNSSKDDIGDISMSSITKAGEAVNEELHENR(10)(23),3983.852135,null,sp|Q12060|HFI1_YEAST (377)(390)/
,1,F1CH20180627_MB_plus.26672.26672.3.0.dta,3,3983.854676,1.000000e+000,7.933832e-005,0.002541,0.637825,1.000000e+000,1.000000e+000
122,SIPKNEKYGFVR(4)(7),1575.852882,null,sp|P38811|TRA1_YEAST (2573)(2576)/
,1,F1CH20180627_MB_plus.15411.15411.2.0.dta,2,1575.854321,5.713031e-012,4.720680e-002,0.001439,0.913156,1.000000e+000,1.000000e+000
,2,F1CH20180627_MB_plus.15410.15410.2.0.dta,2,1575.854321,3.219822e-015,4.848689e-002,0.001439,0.913156,1.000000e+000,1.000000e+000
,3,F1CH20180627_MB_plus.15392.15392.2.0.dta,2,1575.852962,2.979289e-009,6.330757e-002,0.000080,0.050766,1.000000e+000,1.000000e+000
,4,F1CH20180627_MB_plus.15412.15412.2.0.dta,2,1575.854321,1.964016e-012,8.685061e-002,0.001439,0.913156,1.000000e+000,1.000000e+000
,5,F1CH20180627_MB_plus.15280.15280.2.0.dta,2,1575.850773,1.127766e-004,8.938397e-002,-0.002109,-1.338323,1.000000e+000,1.000000e+000
,6,F1CH20180627_MB_plus.15281.15281.2.0.dta,2,1575.850773,6.011775e-009,1.152247e-001,-0.002109,-1.338323,1.000000e+000,1.000000e+000
,7,F1CH20180627_MB_plus.15399.15399.2.0.dta,2,1575.852962,2.139605e-004,3.984540e-001,0.000080,0.050766,1.000000e+000,1.000000e+000
123,SIPNKKTLLELQSQLDSLNEILGTIAR(5)(6),3132.751302,null,sp|P32494|NGG1_YEAST (59)(60)/
,1,F1CH20180627_MB_plus.31113.31113.3.0.dta,3,3132.756580,6.704911e-030,4.523138e-006,0.005278,1.684781,1.000000e+000,1.000000e+000
,2,F1CH20180627_MB_plus.31117.31117.2.0.dta,2,3132.756973,1.000000e+000,2.708539e-004,0.005671,1.810230,1.000000e+000,1.000000e+000
,3,F1CH20180627_MB_plus.31118.31118.2.0.dta,2,3132.756973,1.000000e+000,3.065019e-004,0.005671,1.810230,1.000000e+000,1.000000e+000
124,SKEAKELYNR(2)(5),1375.721542,null,sp|Q02336|ADA2_YEAST (242)(245)/
,1,F1CH20180627_MB_plus.9054.9054.3.0.dta,3,1375.723597,1.208010e-015,4.724960e-003,0.002055,1.493762,1.000000e+000,1.000000e+000
,2,F1CH20180627_MB_plus.9290.9290.2.0.dta,2,1375.722322,2.084149e-007,5.120396e-003,0.000780,0.566975,1.000000e+000,1.000000e+000
,3,F1CH20180627_MB_plus.9018.9018.2.0.dta,2,1375.726610,1.920468e-028,1.237885e-002,0.005068,3.683885,1.000000e+000,1.000000e+000
,4,F1CH20180627_MB_plus.9113.9113.2.0.dta,2,1375.727522,2.881743e-019,1.437678e-002,0.005980,4.346810,1.000000e+000,1.000000e+000
,5,F1CH20180627_MB_plus.9129.9129.2.0.dta,2,1375.726801,4.861777e-008,1.861495e-002,0.005259,3.822721,1.000000e+000,1.000000e+000
,6,F1CH20180627_MB_plus.9067.9067.2.0.dta,2,1375.727638,6.005991e-007,6.549519e-002,0.006096,4.431129,1.000000e+000,1.000000e+000
,7,F1CH20180627_MB_plus.9546.9546.2.0.dta,2,1375.726470,1.174311e-004,1.338394e-001,0.004928,3.582120,1.000000e+000,1.000000e+000
,8,F1CH20180627_MB_plus.9333.9333.2.1.dta,2,1375.722716,4.413277e-002,1.644656e-001,0.001174,0.853370,1.000000e+000,1.000000e+000
,9,F1CH20180627_MB_plus.9026.9026.2.0.dta,2,1375.726666,1.176875e-006,2.729960e-001,0.005124,3.724591,1.000000e+000,1.000000e+000
,10,F1CH20180627_MB_plus.9036.9036.2.0.dta,2,1375.727116,2.232769e-017,3.333054e-001,0.005574,4.051692,1.000000e+000,1.000000e+000
125,SLTCKSHSMGAKR(5)(12),1600.793331,Carbamidomethyl[C](4),sp|P53165|SGF73_YEAST (250)(257)/
,1,F1CH20180627_MB_plus.4654.4654.2.0.dta,2,1600.795744,1.000000e+000,7.468396e-002,0.002413,1.507378,1.000000e+000,1.000000e+000
,2,F1CH20180627_MB_plus.4616.4616.3.3.dta,3,1600.794245,1.420747e-002,2.455534e-001,0.000914,0.570967,1.000000e+000,1.000000e+000
,3,F1CH20180627_MB_plus.4656.4656.2.1.dta,2,1600.795744,1.000000e+000,2.543358e-001,0.002413,1.507378,1.000000e+000,1.000000e+000
,4,F1CH20180627_MB_plus.4670.4670.3.2.dta,3,1600.794616,2.622989e-001,4.485456e-001,0.001285,0.802727,1.000000e+000,1.000000e+000
126,STENGIVDQVLVTTNQDGLKFVKVR(20)(23),2898.556974,null,sp|P08518|RPB2_YEAST (962)(965)/
,1,F1CH20180627_MB_plus.28628.28628.3.0.dta,3,2898.562614,4.480829e-030,1.912328e-003,0.005640,1.945796,1.000000e+000,1.000000e+000
127,SVVHPGEMVGVLAAQSIGEPATQMTLNTFHFAGVASKKVTSGVPR(37)(38),4744.458718,null,sp|P04050|RPB1_YEAST (1092)(1093)/
,1,F1CH20180627_MB_plus.28642.28642.4.0.dta,4,4744.469695,1.174640e-035,3.731044e-005,0.010977,2.313646,1.000000e+000,1.000000e+000
,2,F1CH20180627_MB_plus.28677.28677.4.0.dta,4,4744.468667,1.725417e-038,7.108096e-005,0.009949,2.096973,1.000000e+000,1.000000e+000
,3,F1CH20180627_MB_plus.28743.28743.4.0.dta,4,4744.469751,2.207057e-024,1.274269e-004,0.011033,2.325450,1.000000e+000,1.000000e+000
,4,F1CH20180627_MB_plus.28667.28667.4.0.dta,4,4744.468482,2.257673e-033,1.653055e-004,0.009764,2.057980,1.000000e+000,1.000000e+000
,5,F1CH20180627_MB_plus.28665.28665.5.0.dta,5,4744.468246,1.089495e-057,1.676072e-004,0.009528,2.008238,1.000000e+000,1.000000e+000
,6,F1CH20180627_MB_plus.28639.28639.4.0.dta,4,4744.469695,1.553005e-028,1.980684e-004,0.010977,2.313646,1.000000e+000,1.000000e+000
,7,F1CH20180627_MB_plus.28692.28692.4.0.dta,4,4744.468661,9.152225e-022,3.733503e-004,0.009943,2.095708,1.000000e+000,1.000000e+000
,8,F1CH20180627_MB_plus.28741.28741.4.0.dta,4,4744.469751,5.415312e-041,8.410652e-004,0.011033,2.325450,1.000000e+000,1.000000e+000
128,SYMDQEKKYGMSITETFEKPQR(7)(8),2834.337415,null,sp|P08518|RPB2_YEAST (864)(865)/
,1,F1CH20180627_MB_plus.20887.20887.3.0.dta,3,2834.340405,1.596248e-051,1.340857e-006,0.002990,1.054920,1.000000e+000,1.000000e+000
,2,F1CH20180627_MB_plus.20918.20918.3.0.dta,3,2834.340388,1.556402e-051,2.558446e-005,0.002973,1.048922,1.000000e+000,1.000000e+000
,3,F1CH20180627_MB_plus.20994.20994.3.1.dta,3,2834.335145,3.577615e-028,1.361414e-004,-0.002270,-0.800893,1.000000e+000,1.000000e+000
,4,F1CH20180627_MB_plus.20982.20982.3.1.dta,3,2834.335880,3.993191e-017,5.935413e-004,-0.001535,-0.541573,1.000000e+000,1.000000e+000
,5,F1CH20180627_MB_plus.20967.20967.3.1.dta,3,2834.337441,4.585531e-017,4.215385e-003,0.000026,0.009173,1.000000e+000,1.000000e+000
129,TATLKYICAECSSKLSLSR(5)(14),2326.178019,Carbamidomethyl[C](8);Carbamidomethyl[C](11),sp|P40422|RPAB4_YEAST (28)(37)/
,1,F1CH20180627_MB_plus.19787.19787.2.0.dta,2,2326.179207,4.247931e-009,1.249060e-002,0.001188,0.510709,1.000000e+000,1.000000e+000
,2,F1CH20180627_MB_plus.19785.19785.2.0.dta,2,2326.179207,2.980479e-004,1.489974e-002,0.001188,0.510709,1.000000e+000,1.000000e+000
,3,F1CH20180627_MB_plus.19685.19685.2.0.dta,2,2326.179431,5.064278e-014,2.242300e-002,0.001412,0.607004,1.000000e+000,1.000000e+000
,4,F1CH20180627_MB_plus.19704.19704.2.0.dta,2,2326.179296,1.466763e-007,2.611254e-002,0.001277,0.548969,1.000000e+000,1.000000e+000
,5,F1CH20180627_MB_plus.19694.19694.2.0.dta,2,2326.179317,1.076589e-017,2.700098e-002,0.001298,0.557997,1.000000e+000,1.000000e+000
,6,F1CH20180627_MB_plus.19686.19686.2.0.dta,2,2326.179431,1.205424e-016,2.837201e-002,0.001412,0.607004,1.000000e+000,1.000000e+000
,7,F1CH20180627_MB_plus.19717.19717.2.0.dta,2,2326.179188,2.831381e-025,2.932418e-002,0.001169,0.502541,1.000000e+000,1.000000e+000
,8,F1CH20180627_MB_plus.19693.19693.3.0.dta,3,2326.177304,2.897665e-017,3.465345e-002,-0.000715,-0.307371,1.000000e+000,1.000000e+000
,9,F1CH20180627_MB_plus.19786.19786.2.0.dta,2,2326.179207,1.554348e-004,3.807898e-002,0.001188,0.510709,1.000000e+000,1.000000e+000
,10,F1CH20180627_MB_plus.19711.19711.3.0.dta,3,2326.177451,4.926609e-018,3.881351e-002,-0.000568,-0.244177,1.000000e+000,1.000000e+000
130,TEYFKNGKLNSDSEAFLK(5)(8),2229.107291,null,sp|P35177|SPT7_YEAST (757)(760)/
,1,F1CH20180627_MB_plus.20523.20523.2.0.dta,2,2229.108922,1.039636e-019,9.079187e-005,0.001631,0.731683,1.000000e+000,1.000000e+000
,2,F1CH20180627_MB_plus.20508.20508.2.0.dta,2,2229.108798,5.288003e-024,1.129051e-004,0.001507,0.676055,1.000000e+000,1.000000e+000
,3,F1CH20180627_MB_plus.20521.20521.3.0.dta,3,2229.109668,7.573923e-026,4.949337e-003,0.002377,1.066346,1.000000e+000,1.000000e+000
131,TKGSCGSELKDPLAK(2)(10),1728.883580,Carbamidomethyl[C](5),gi|CON_IPI00103481.3|SWISS-PROT:Q14CN4-1 (485)(493)/
,1,F1CH20180627_MB_minus.21524.21524.2.0.dta,2,1728.897414,1.530798e-004,3.322935e-001,0.013834,8.001696,1.000000e+000,1.000000e+000
,2,F1CH20180627_MB_minus.21521.21521.2.0.dta,2,1728.897414,3.935229e-003,4.465436e-001,0.013834,8.001696,1.000000e+000,1.000000e+000
132,TKKLQDIKQK(2)(3),1367.825609,null,sp|P35177|SPT7_YEAST (1068)(1069)/
,1,F1CH20180627_MB_minus.29304.29304.2.3.dta,2,1367.817888,5.978465e-002,1.436155e-001,-0.007721,-5.644725,1.000000e+000,1.000000e+000
,2,F1CH20180627_MB_minus.29343.29343.2.2.dta,2,1367.817288,5.762793e-002,1.645412e-001,-0.008321,-6.083378,1.000000e+000,1.000000e+000
133,TLALGSPSKKTMR(9)(10),1543.851164,Oxidation[M](12),gi|CON_IPI00347110.2|TREMBL:Q6NXH9 (535)(536)/
,1,F1CH20180627_MB_minus.29879.29879.2.1.dta,2,1543.843169,2.786664e-002,2.290011e-001,-0.007995,-5.178608,1.000000e+000,1.000000e+000
,2,F1CH20180627_MB_minus.29863.29863.2.1.dta,2,1543.842964,5.275947e-002,2.693970e-001,-0.008200,-5.311393,1.000000e+000,1.000000e+000
,3,F1CH20180627_MB_minus.29861.29861.2.1.dta,2,1543.842964,5.990459e-002,3.044642e-001,-0.008200,-5.311393,1.000000e+000,1.000000e+000
134,TLDANQEITDLESKKSVTR(14)(15),2286.182237,null,gi|CON_IPI00687777.1|TREMBL:Q1A7A4 (407)(408)/
,1,F1CH20180627_MB_plus.27583.27583.3.1.dta,3,2286.204527,2.548126e-001,3.876930e-001,0.022290,9.749879,1.000000e+000,1.000000e+000
135,TLLQEYKAMNNEKFK(7)(13),1995.025484,null,sp|P38129|TAF5_YEAST (368)(374)/
,1,F1CH20180627_MB_plus.21178.21178.2.0.dta,2,1995.027316,1.439520e-020,1.595518e-003,0.001832,0.918284,1.000000e+000,1.000000e+000
,2,F1CH20180627_MB_plus.21179.21179.2.0.dta,2,1995.027316,4.793380e-016,1.974448e-003,0.001832,0.918284,1.000000e+000,1.000000e+000
,3,F1CH20180627_MB_plus.21185.21185.2.0.dta,2,1995.027316,6.271187e-013,3.427742e-003,0.001832,0.918284,1.000000e+000,1.000000e+000
,4,F1CH20180627_MB_plus.21202.21202.2.0.dta,2,1995.027396,1.175089e-006,5.778649e-003,0.001912,0.958384,1.000000e+000,1.000000e+000
,5,F1CH20180627_MB_plus.21188.21188.3.0.dta,3,1995.027813,2.253120e-019,1.500992e-002,0.002329,1.167404,1.000000e+000,1.000000e+000
136,TLPHFSKDDYSPESKGFVENSYLR(7)(15),2954.420548,null,sp|P04050|RPB1_YEAST (789)(797)/
,1,F1CH20180627_MB_plus.20866.20866.3.0.dta,3,2954.423211,1.600377e-020,3.164755e-003,0.002663,0.901361,1.000000e+000,1.000000e+000
137,TLTPQNKQSPANTKTGK(7)(14),1952.044637,null,sp|P38129|TAF5_YEAST (93)(100)/
,1,F1CH20180627_MB_plus.7397.7397.3.1.dta,3,1952.047774,4.306706e-003,2.024664e-001,0.003137,1.607033,1.000000e+000,1.000000e+000
,2,F1CH20180627_MB_plus.7423.7423.3.1.dta,3,1952.047258,7.110697e-002,2.162508e-001,0.002621,1.342695,1.000000e+000,1.000000e+000
,3,F1CH20180627_MB_plus.7396.7396.3.1.dta,3,1952.047774,8.323482e-005,2.190656e-001,0.003137,1.607033,1.000000e+000,1.000000e+000
138,TTKIPQIGDKFASR(3)(10),1699.937666,null,sp|P08518|RPB2_YEAST (972)(979)/
,1,F1CH20180627_MB_plus.18399.18399.3.0.dta,3,1699.940697,1.525780e-008,1.032069e-001,0.003031,1.783007,1.000000e+000,1.000000e+000
,2,F1CH20180627_MB_plus.18501.18501.2.0.dta,2,1699.940152,2.588672e-007,1.143083e-001,0.002486,1.462407,1.000000e+000,1.000000e+000
,3,F1CH20180627_MB_plus.18365.18365.2.0.dta,2,1699.940649,1.329537e-009,1.181132e-001,0.002983,1.754770,1.000000e+000,1.000000e+000
,4,F1CH20180627_MB_plus.18500.18500.2.0.dta,2,1699.940152,2.986255e-009,1.264012e-001,0.002486,1.462407,1.000000e+000,1.000000e+000
,5,F1CH20180627_MB_plus.18507.18507.2.0.dta,2,1699.940152,6.190614e-008,1.821408e-001,0.002486,1.462407,1.000000e+000,1.000000e+000
,6,F1CH20180627_MB_plus.18406.18406.2.0.dta,2,1699.941013,1.813222e-005,2.389290e-001,0.003347,1.968896,1.000000e+000,1.000000e+000
,7,F1CH20180627_MB_plus.18423.18423.2.0.dta,2,1699.941493,6.838426e-003,3.603261e-001,0.003827,2.251259,1.000000e+000,1.000000e+000
139,TVIPTSDLVASFYTKKTPVFK(15)(16),2480.368576,null,sp|P38129|TAF5_YEAST (775)(776)/
,1,F1CH20180627_MB_plus.29851.29851.2.0.dta,2,2480.372125,6.562254e-037,3.644455e-006,0.003549,1.430836,1.000000e+000,1.000000e+000
,2,F1CH20180627_MB_plus.29847.29847.2.0.dta,2,2480.372125,8.260820e-028,5.065767e-006,0.003549,1.430836,1.000000e+000,1.000000e+000
,3,F1CH20180627_MB_plus.29740.29740.2.0.dta,2,2480.371524,1.000000e+000,6.739622e-006,0.002948,1.188533,1.000000e+000,1.000000e+000
,4,F1CH20180627_MB_plus.29850.29850.2.0.dta,2,2480.372125,6.769669e-021,1.558634e-005,0.003549,1.430836,1.000000e+000,1.000000e+000
,5,F1CH20180627_MB_plus.29958.29958.2.0.dta,2,2480.373006,1.000000e+000,1.763866e-005,0.004430,1.786025,1.000000e+000,1.000000e+000
,6,F1CH20180627_MB_plus.29857.29857.3.0.dta,3,2480.372097,3.066576e-036,3.258259e-005,0.003521,1.419547,1.000000e+000,1.000000e+000
,7,F1CH20180627_MB_plus.29750.29750.3.0.dta,3,2480.371258,2.960652e-018,9.838538e-005,0.002682,1.081291,1.000000e+000,1.000000e+000
,8,F1CH20180627_MB_plus.29854.29854.2.0.dta,2,2480.372125,2.632612e-016,1.569384e-004,0.003549,1.430836,1.000000e+000,1.000000e+000
,9,F1CH20180627_MB_plus.29966.29966.3.0.dta,3,2480.371735,1.365902e-033,2.009386e-004,0.003159,1.273601,1.000000e+000,1.000000e+000
,10,F1CH20180627_MB_plus.29767.29767.2.0.dta,2,2480.371979,1.000000e+000,3.468920e-004,0.003403,1.371974,1.000000e+000,1.000000e+000
,11,F1CH20180627_MB_plus.29860.29860.3.0.dta,3,2480.372097,2.857230e-018,3.972490e-004,0.003521,1.419547,1.000000e+000,1.000000e+000
,12,F1CH20180627_MB_plus.30063.30063.3.0.dta,3,2480.371976,3.890702e-035,4.527399e-004,0.003400,1.370764,1.000000e+000,1.000000e+000
,13,F1CH20180627_MB_plus.30068.30068.2.0.dta,2,2480.376390,1.000000e+000,5.394666e-004,0.007814,3.150338,1.000000e+000,1.000000e+000
,14,F1CH20180627_MB_plus.29768.29768.3.0.dta,3,2480.372012,1.289763e-014,1.037939e-003,0.003436,1.385278,1.000000e+000,1.000000e+000
,15,F1CH20180627_MB_plus.29793.29793.3.0.dta,3,2480.372140,7.361162e-011,2.545016e-003,0.003564,1.436883,1.000000e+000,1.000000e+000
,16,F1CH20180627_MB_plus.29842.29842.4.0.dta,4,2480.365858,1.045623e-013,2.630441e-003,-0.002718,-1.095805,1.000000e+000,1.000000e+000
,17,F1CH20180627_MB_plus.29798.29798.2.0.dta,2,2480.372001,1.000000e+000,3.105655e-003,0.003425,1.380843,1.000000e+000,1.000000e+000
,18,F1CH20180627_MB_plus.29804.29804.3.0.dta,3,2480.372195,6.922923e-007,2.662082e-002,0.003619,1.459057,1.000000e+000,1.000000e+000
,19,F1CH20180627_MB_plus.30187.30187.3.1.dta,3,2480.373269,3.390286e-012,9.192116e-002,0.004693,1.892058,1.000000e+000,1.000000e+000
140,TVKEMVKDR(3)(7),1243.671425,null,sp|P20434|RPAB1_YEAST (20)(24)/
,1,F1CH20180627_MB_plus.11307.11307.2.0.dta,2,1243.672028,2.125403e-007,2.237718e-001,0.000603,0.484855,1.000000e+000,1.000000e+000
,2,F1CH20180627_MB_plus.11333.11333.2.0.dta,2,1243.672071,1.003302e-003,4.829736e-001,0.000646,0.519430,1.000000e+000,1.000000e+000
141,VCEKCGKPLALTAIVDHLENHCAGASGKSSTDPR(4)(28),3816.846408,Carbamidomethyl[C](2);Carbamidomethyl[C](5);Carbamidomethyl[C](22),sp|P53165|SGF73_YEAST (80)(104)/
,1,F1CH20180627_MB_plus.15855.15855.5.0.dta,5,3816.850944,8.009851e-015,4.509158e-002,0.004536,1.188416,1.000000e+000,1.000000e+000
,2,F1CH20180627_MB_plus.15880.15880.4.0.dta,4,3816.850305,1.846519e-009,5.665937e-002,0.003897,1.021000,1.000000e+000,1.000000e+000
,3,F1CH20180627_MB_plus.15896.15896.5.0.dta,5,3816.851295,3.218760e-010,5.901364e-002,0.004887,1.280376,1.000000e+000,1.000000e+000
142,VCEKCGKPLALTAIVDHLENHCAGASGKSSTDPR(4)(7),3816.846408,Carbamidomethyl[C](2);Carbamidomethyl[C](5);Carbamidomethyl[C](22),sp|P53165|SGF73_YEAST (80)(83)/
,1,F1CH20180627_MB_plus.15897.15897.4.0.dta,4,3816.850677,2.940159e-011,3.274126e-002,0.004269,1.118463,1.000000e+000,1.000000e+000
,2,F1CH20180627_MB_plus.15858.15858.4.0.dta,4,3816.850158,4.190282e-012,5.596271e-002,0.003750,0.982486,1.000000e+000,1.000000e+000
143,VDGEKKDSNLSSPAR(5)(6),1740.876186,null,sp|P38129|TAF5_YEAST (408)(409)/
,1,F1CH20180627_MB_plus.8497.8497.2.0.dta,2,1740.880566,3.932719e-024,1.292286e-005,0.004380,2.515974,1.000000e+000,1.000000e+000
,2,F1CH20180627_MB_plus.8495.8495.2.0.dta,2,1740.880566,3.469226e-028,1.337246e-005,0.004380,2.515974,1.000000e+000,1.000000e+000
,3,F1CH20180627_MB_plus.8524.8524.3.0.dta,3,1740.879071,2.077690e-026,2.404162e-005,0.002885,1.657211,1.000000e+000,1.000000e+000
,4,F1CH20180627_MB_plus.8520.8520.2.0.dta,2,1740.880434,6.926142e-015,1.095653e-004,0.004248,2.440151,1.000000e+000,1.000000e+000
144,VHICGICGLMTVIAKLNHNQFECKGCDNK(15)(24),3554.683186,Carbamidomethyl[C](4);Carbamidomethyl[C](7);Carbamidomethyl[C](23);Carbamidomethyl[C](26),sp|P08518|RPB2_YEAST (1174)(1183)/
,1,F1CH20180627_MB_plus.25853.25853.4.0.dta,4,3554.688153,1.018503e-045,1.576824e-004,0.004967,1.397312,1.000000e+000,1.000000e+000
,2,F1CH20180627_MB_plus.25858.25858.3.0.dta,3,3554.683903,2.925329e-015,2.422330e-003,0.000717,0.201706,1.000000e+000,1.000000e+000
,3,F1CH20180627_MB_plus.25841.25841.3.1.dta,3,3554.684221,1.000000e+000,2.643515e-002,0.001035,0.291165,1.000000e+000,1.000000e+000
145,VIEEYSLSQGSGPSNDSWKSLMSSAKDTPLQYDHMNR(19)(26),4295.985783,null,sp|P53165|SGF73_YEAST (33)(40)/
,1,F1CH20180627_MB_plus.26977.26977.3.0.dta,3,4295.987206,1.000000e+000,1.031906e-004,0.001423,0.331239,1.000000e+000,1.000000e+000
,2,F1CH20180627_MB_plus.26985.26985.4.0.dta,4,4295.986227,2.154302e-042,2.647685e-004,0.000444,0.103352,1.000000e+000,1.000000e+000
146,VKPLLKNHDLSLPPDSPIFHNNEPVPFR(2)(6),3358.794502,null,sp|P38811|TRA1_YEAST (3597)(3601)/
,1,F1CH20180627_MB_plus.21025.21025.3.0.dta,3,3358.796582,2.377423e-056,1.403697e-006,0.002080,0.619270,1.000000e+000,1.000000e+000
,2,F1CH20180627_MB_plus.21127.21127.3.0.dta,3,3358.797994,7.038003e-048,4.689406e-006,0.003492,1.039659,1.000000e+000,1.000000e+000
,3,F1CH20180627_MB_plus.21409.21409.4.0.dta,4,3358.811989,3.986337e-045,1.347717e-005,0.017487,5.206332,1.000000e+000,1.000000e+000
,4,F1CH20180627_MB_plus.20936.20936.3.0.dta,3,3358.798031,5.730559e-036,1.392376e-005,0.003529,1.050675,1.000000e+000,1.000000e+000
,5,F1CH20180627_MB_plus.21122.21122.3.0.dta,3,3358.797994,4.591253e-034,1.653524e-005,0.003492,1.039659,1.000000e+000,1.000000e+000
,6,F1CH20180627_MB_plus.21216.21216.3.0.dta,3,3358.798766,4.990633e-041,2.044197e-005,0.004264,1.269503,1.000000e+000,1.000000e+000
,7,F1CH20180627_MB_plus.21339.21339.3.0.dta,3,3358.801764,1.736780e-022,2.639789e-005,0.007262,2.162085,1.000000e+000,1.000000e+000
,8,F1CH20180627_MB_plus.21026.21026.3.0.dta,3,3358.796582,1.075743e-036,3.518695e-005,0.002080,0.619270,1.000000e+000,1.000000e+000
,9,F1CH20180627_MB_plus.21095.21095.5.0.dta,5,3358.801892,7.698718e-064,3.871286e-005,0.007390,2.200194,1.000000e+000,1.000000e+000
,10,F1CH20180627_MB_plus.21163.21163.4.0.dta,4,3358.798973,5.004308e-029,4.093435e-005,0.004471,1.331132,1.000000e+000,1.000000e+000
,11,F1CH20180627_MB_plus.21162.21162.4.0.dta,4,3358.798973,7.607949e-046,4.412676e-005,0.004471,1.331132,1.000000e+000,1.000000e+000
,12,F1CH20180627_MB_plus.20885.20885.4.0.dta,4,3358.799707,2.931476e-044,5.076463e-005,0.005205,1.549663,1.000000e+000,1.000000e+000
,13,F1CH20180627_MB_plus.21067.21067.4.0.dta,4,3358.805138,4.381565e-044,5.862797e-005,0.010636,3.166612,1.000000e+000,1.000000e+000
,14,F1CH20180627_MB_plus.20892.20892.4.0.dta,4,3358.799707,6.377810e-042,6.693310e-005,0.005205,1.549663,1.000000e+000,1.000000e+000
,15,F1CH20180627_MB_plus.21263.21263.4.0.dta,4,3358.800850,2.693540e-045,6.757128e-005,0.006348,1.889964,1.000000e+000,1.000000e+000
,16,F1CH20180627_MB_plus.21494.21494.4.0.dta,4,3358.800568,1.040595e-054,9.597278e-005,0.006066,1.806005,1.000000e+000,1.000000e+000
,17,F1CH20180627_MB_plus.21400.21400.4.0.dta,4,3358.813255,1.646374e-052,1.136754e-004,0.018753,5.583253,1.000000e+000,1.000000e+000
,18,F1CH20180627_MB_plus.21123.21123.4.0.dta,4,3358.801763,5.506029e-025,1.138938e-004,0.007261,2.161788,1.000000e+000,1.000000e+000
,19,F1CH20180627_MB_plus.21222.21222.4.0.dta,4,3358.799914,6.379615e-030,1.662436e-004,0.005412,1.611292,1.000000e+000,1.000000e+000
,20,F1CH20180627_MB_plus.21166.21166.4.0.dta,4,3358.798973,3.451086e-029,2.702751e-004,0.004471,1.331132,1.000000e+000,1.000000e+000
,21,F1CH20180627_MB_plus.21032.21032.4.0.dta,4,3358.803821,1.114307e-038,2.855265e-004,0.009319,2.774507,1.000000e+000,1.000000e+000
,22,F1CH20180627_MB_plus.21068.21068.4.0.dta,4,3358.805138,2.007556e-048,3.179717e-004,0.010636,3.166612,1.000000e+000,1.000000e+000
,23,F1CH20180627_MB_plus.21251.21251.3.0.dta,3,3358.800820,1.000000e+000,3.270861e-004,0.006318,1.881032,1.000000e+000,1.000000e+000
,24,F1CH20180627_MB_plus.22571.22571.4.3.dta,4,3358.791598,3.789174e-026,3.951855e-004,-0.002904,-0.864596,1.000000e+000,1.000000e+000
,25,F1CH20180627_MB_plus.20981.20981.4.0.dta,4,3358.805955,1.517688e-065,4.249644e-004,0.011453,3.409854,1.000000e+000,1.000000e+000
,26,F1CH20180627_MB_plus.21422.21422.4.0.dta,4,3358.812135,2.024227e-054,4.423087e-004,0.017633,5.249800,1.000000e+000,1.000000e+000
,27,F1CH20180627_MB_plus.21598.21598.4.1.dta,4,3358.801630,1.825781e-047,4.929055e-004,0.007128,2.122190,1.000000e+000,1.000000e+000
,28,F1CH20180627_MB_plus.21401.21401.4.0.dta,4,3358.813255,4.499002e-046,6.270669e-004,0.018753,5.583253,1.000000e+000,1.000000e+000
,29,F1CH20180627_MB_plus.21262.21262.4.0.dta,4,3358.800850,4.680285e-040,8.602301e-004,0.006348,1.889964,1.000000e+000,1.000000e+000
,30,F1CH20180627_MB_plus.21044.21044.5.1.dta,5,3358.799432,1.761557e-033,1.125345e-003,0.004930,1.467789,1.000000e+000,1.000000e+000
,31,F1CH20180627_MB_plus.20980.20980.4.0.dta,4,3358.805955,1.927151e-034,1.150325e-003,0.011453,3.409854,1.000000e+000,1.000000e+000
,32,F1CH20180627_MB_plus.21042.21042.5.1.dta,5,3358.799432,1.405095e-021,1.683728e-003,0.004930,1.467789,1.000000e+000,1.000000e+000
,33,F1CH20180627_MB_plus.21270.21270.4.0.dta,4,3358.801402,4.904542e-038,5.233280e-003,0.006900,2.054308,1.000000e+000,1.000000e+000
,34,F1CH20180627_MB_plus.20943.20943.4.0.dta,4,3358.807212,2.308443e-027,1.035271e-002,0.012710,3.784096,1.000000e+000,1.000000e+000
147,VMSHICSKQDSISSKIK(8)(15),2102.061937,Carbamidomethyl[C](6);Oxidation[M](2),gi|CON_IPI00729821.1|REFSEQ:XP_585019 (291)(298)/
,1,F1CH20180627_MB_minus.32578.32578.2.1.dta,2,2102.049569,1.000000e+000,3.226611e-001,-0.012368,-5.883747,1.000000e+000,1.000000e+000
,2,F1CH20180627_MB_minus.32577.32577.2.1.dta,2,2102.049569,6.767838e-001,3.307719e-001,-0.012368,-5.883747,1.000000e+000,1.000000e+000
148,VTDEDKEKLLER(6)(8),1612.842767,null,sp|P53040|TAF6_YEAST (484)(486)/
,1,F1CH20180627_MB_minus.33694.33694.2.1.dta,2,1612.857654,2.187243e-002,4.303221e-001,0.014887,9.230286,1.000000e+000,1.000000e+000
149,VVSFFTNMVDLFNTMVITNGDEWLKKK(25)(26),3346.673647,Oxidation[M](8);Oxidation[M](15),sp|P38811|TRA1_YEAST (1686)(1687)/
,1,F1CH20180627_MB_minus.24820.24820.4.2.dta,4,3346.685840,9.158286e-003,3.280434e-001,0.012193,3.643319,1.000000e+000,1.000000e+000
,2,F1CH20180627_MB_minus.24313.24313.4.0.dta,4,3346.693230,7.910575e-002,3.779151e-001,0.019583,5.851482,1.000000e+000,1.000000e+000
150,VYRPLFIVEDDESLGHKELKVR(17)(20),2780.498011,null,sp|P08518|RPB2_YEAST (649)(652)/
,1,F1CH20180627_MB_plus.18800.18800.4.0.dta,4,2780.502000,4.187243e-056,2.999386e-006,0.003989,1.434635,1.000000e+000,1.000000e+000
,2,F1CH20180627_MB_plus.18805.18805.3.0.dta,3,2780.501333,2.997866e-076,7.542118e-006,0.003322,1.194750,1.000000e+000,1.000000e+000
,3,F1CH20180627_MB_plus.18817.18817.4.0.dta,4,2780.501946,3.337775e-024,4.584356e-005,0.003935,1.415214,1.000000e+000,1.000000e+000
,4,F1CH20180627_MB_plus.18826.18826.3.0.dta,3,2780.501317,1.281666e-059,6.622211e-005,0.003306,1.188996,1.000000e+000,1.000000e+000
151,WINKIGPLFDKPEIMK(4)(11),2067.134636,null,sp|P32494|NGG1_YEAST (656)(663)/
,1,F1CH20180627_MB_plus.28253.28253.2.0.dta,2,2067.137929,5.394691e-016,5.936095e-003,0.003293,1.593026,1.000000e+000,1.000000e+000
,2,F1CH20180627_MB_plus.28251.28251.2.0.dta,2,2067.137929,5.350809e-016,5.945780e-003,0.003293,1.593026,1.000000e+000,1.000000e+000
,3,F1CH20180627_MB_plus.28256.28256.2.0.dta,2,2067.137929,1.410658e-008,7.169529e-003,0.003293,1.593026,1.000000e+000,1.000000e+000
152,YCLTAKEWDLEDPKSM(6)(14),2123.966312,Carbamidomethyl[C](2),sp|Q05027|TAF9_YEAST (147)(155)/
,1,F1CH20180627_MB_plus.29561.29561.2.0.dta,2,2123.967735,4.776327e-007,3.926821e-002,0.001423,0.669973,1.000000e+000,1.000000e+000
,2,F1CH20180627_MB_plus.29560.29560.2.0.dta,2,2123.967735,5.485498e-014,4.399152e-002,0.001423,0.669973,1.000000e+000,1.000000e+000
,3,F1CH20180627_MB_plus.29562.29562.2.0.dta,2,2123.967735,6.998824e-010,9.120913e-002,0.001423,0.669973,1.000000e+000,1.000000e+000
,4,F1CH20180627_MB_plus.29547.29547.2.0.dta,2,2123.967800,1.994330e-004,1.551417e-001,0.001488,0.700576,1.000000e+000,1.000000e+000
,5,F1CH20180627_MB_plus.29545.29545.2.1.dta,2,2123.967800,4.310464e-004,2.646283e-001,0.001488,0.700576,1.000000e+000,1.000000e+000
,6,F1CH20180627_MB_plus.29548.29548.2.1.dta,2,2123.967800,2.398145e-002,4.853522e-001,0.001488,0.700576,1.000000e+000,1.000000e+000
