Peptide_Order,Peptide,Peptide_Mass,Modifications,Proteins,Protein_Type
,Spectrum_Order,Title,Charge,Precursor_Mass,Evalue,Score,Precursor_Mass_Error(Da),Precursor_Mass_Error(ppm),Alpha_Evalue,Beta_Evalue
1,ATWETILDGKR(10)-GPLGSGQTGK(1),2328.219292,null,HMBP_PrS_SUZ12_CD137(346)-HMBP_PrS_EZH2(iso2-BsaI)_CD136(1)/HMBP_PrS_JAZF1-SUZ12(377)-HMBP_PrS_EZH2(iso2-BsaI)_CD136(1)/,Inter-Protein
,1,F1VL20180321_SF_PRC2_5m_1.13769.13769.3.0.dta,3,2328.221273,1.000000e+000,2.923590e-026,0.001981,0.850865,1.000000e+000,1.000000e+000
2,ATWETILDGKR(10)-GPLGSMAPQK(1),2412.259045,null,HMBP_PrS_SUZ12_CD137(346)-HMBP_PrS_SUZ12_CD137(1)/HMBP_PrS_JAZF1-SUZ12(377)-HMBP_PrS_SUZ12_CD137(1)/,Intra-Protein
,1,F1VL20180321_SF_PRC2_5m_1.15149.15149.3.0.dta,3,2412.257502,1.000000e+000,4.549110e-018,-0.001543,-0.639649,1.000000e+000,1.000000e+000
3,ESYDYNPNKTNR(9)-YDEIKK(5),2433.156752,null,HMBP_PrS_EED_CD138(288)-gi|CON_IPI00713814.2|SWISS-PROT:P10096 (257)/,Inter-Protein
,1,F1VL20180321_SF_PRC2_5m_1.7224.7224.3.0.dta,3,2433.138053,1.000000e+000,7.693953e-001,-0.018699,-7.685078,1.000000e+000,1.000000e+000
4,EVSTAPAGTDMPAAKK(15)-GPLGSGQTGK(1),2612.323485,null,HMBP_PrS_EED_CD138(23)-HMBP_PrS_EZH2(iso2-BsaI)_CD136(1)/,Inter-Protein
,1,F1VL20180321_SF_PRC2_5m_1.7885.7885.3.0.dta,3,2612.324728,1.000000e+000,1.602892e-005,0.001243,0.475822,1.000000e+000,1.000000e+000
5,EVSTAPAGTDMPAAKK(15)-GPLGSSER(1),2513.255076,null,HMBP_PrS_EED_CD138(23)-HMBP_PrS_EED_CD138(1)/,Intra-Protein
,1,F1VL20180321_SF_PRC2_5m_1.8199.8199.3.0.dta,3,2513.260477,1.000000e+000,3.944202e-017,0.005401,2.149006,1.000000e+000,1.000000e+000
,2,F1VL20180321_SF_PRC2_5m_1.8217.8217.3.0.dta,3,2513.259466,1.000000e+000,1.235840e-010,0.004390,1.746739,1.000000e+000,1.000000e+000
,3,F1VL20180321_SF_PRC2_5m_1.8102.8102.3.0.dta,3,2513.260134,1.000000e+000,5.305695e-008,0.005058,2.012530,1.000000e+000,1.000000e+000
,4,F1VL20180321_SF_PRC2_5m_1.8111.8111.3.0.dta,3,2513.261107,1.000000e+000,6.814166e-006,0.006031,2.399677,1.000000e+000,1.000000e+000
,5,F1VL20180321_SF_PRC2_5m_1.8121.8121.3.0.dta,3,2513.262470,1.000000e+000,3.603442e-005,0.007394,2.942001,1.000000e+000,1.000000e+000
,6,F1VL20180321_SF_PRC2_5m_1.8142.8142.3.0.dta,3,2513.263415,1.000000e+000,5.355917e-005,0.008339,3.318008,1.000000e+000,1.000000e+000
,7,F1VL20180321_SF_PRC2_5m_1.8229.8229.3.0.dta,3,2513.259712,1.000000e+000,1.390791e-001,0.004636,1.844620,1.000000e+000,1.000000e+000
6,FANHSVNPNCYAKVMMVNGDHR(13)-IGIFAKR(6),3502.729153,Carbamidomethyl[C](10),HMBP_PrS_EZH2(iso2-BsaI)_CD136(707)-HMBP_PrS_EZH2(iso2-BsaI)_CD136(722)/HMBP_PrS_EZH2(iso2-BsaI)_CD136(707)-HMBP_PrS_EZH1(713)/,Intra-Protein
,1,F1VL20180321_SF_PRC2_5m_1.10107.10107.5.1.dta,5,3502.733181,1.000000e+000,2.443023e-004,0.004028,1.149960,1.000000e+000,1.000000e+000
7,GCKVYNTPSTSQSWLQR(3)-GPLGSSER(1),2951.431459,Carbamidomethyl[C](2),HMBP_PrS_AEBP2_CD140(307)-HMBP_PrS_EED_CD138(1)/,Inter-Protein
,1,F1VL20180321_SF_PRC2_5m_1.10913.10913.3.0.dta,3,2951.435930,1.000000e+000,2.871104e-005,0.004471,1.514858,1.000000e+000,1.000000e+000
8,GCKVYNTPSTSQSWLQR(3)-HMLTHSGDKPFK(9),3546.725507,Carbamidomethyl[C](2),HMBP_PrS_AEBP2_CD140(307)-HMBP_PrS_AEBP2_CD140(330)/,Intra-Protein
,1,F1VL20180321_SF_PRC2_5m_1.7825.7825.5.0.dta,5,3546.726833,1.000000e+000,3.824418e-013,0.001326,0.373866,1.000000e+000,1.000000e+000
,2,F1VL20180321_SF_PRC2_5m_1.7824.7824.4.0.dta,4,3546.725924,1.000000e+000,1.114980e-011,0.000417,0.117573,1.000000e+000,1.000000e+000
9,GPLGSAAAITDMADLEELSR(1)-AKEESPSK(2),3029.498196,null,HMBP_PrS_AEBP2_CD140(1)-HMBP_PrS_AEBP2_CD140(372)/,Intra-Protein
,1,F1VL20180321_SF_PRC2_5m_1.16015.16015.3.0.dta,3,3029.501604,1.000000e+000,4.341311e-015,0.003408,1.124939,1.000000e+000,1.000000e+000
10,GPLGSAAAITDMADLEELSR(1)-EVSTAPAGTDMPAAKK(15),3727.840308,null,HMBP_PrS_AEBP2_CD140(1)-HMBP_PrS_EED_CD138(23)/,Inter-Protein
,1,F1VL20180321_SF_PRC2_5m_1.16788.16788.3.0.dta,3,3727.842025,1.000000e+000,9.982082e-004,0.001717,0.460588,1.000000e+000,1.000000e+000
11,GPLGSAAAITDMADLEELSR(1)-GCKVYNTPSTSQSWLQR(3),4166.016691,Carbamidomethyl[C](25),HMBP_PrS_AEBP2_CD140(1)-HMBP_PrS_AEBP2_CD140(307)/,Intra-Protein
,1,F1VL20180321_SF_PRC2_5m_1.17248.17248.3.0.dta,3,4166.021755,1.000000e+000,6.040977e-009,0.005064,1.215550,1.000000e+000,1.000000e+000
12,GPLGSAAAITDMADLEELSR(1)-GPLGSGQTGK(1),3055.525077,null,HMBP_PrS_AEBP2_CD140(1)-HMBP_PrS_EZH2(iso2-BsaI)_CD136(1)/,Inter-Protein
,1,F1VL20180321_SF_PRC2_5m_1.18381.18381.3.0.dta,3,3055.530918,1.000000e+000,2.517627e-019,0.005841,1.911619,1.000000e+000,1.000000e+000
,2,F1VL20180321_SF_PRC2_5m_1.18365.18365.3.0.dta,3,3055.529642,1.000000e+000,1.275823e-014,0.004565,1.494015,1.000000e+000,1.000000e+000
,3,F1VL20180321_SF_PRC2_5m_1.18406.18406.3.0.dta,3,3055.530187,1.000000e+000,4.753073e-014,0.005110,1.672380,1.000000e+000,1.000000e+000
,4,F1VL20180321_SF_PRC2_5m_1.18407.18407.3.0.dta,3,3055.530187,1.000000e+000,1.221053e-005,0.005110,1.672380,1.000000e+000,1.000000e+000
13,GPLGSAAAITDMADLEELSR(1)-GPLGSGQTGKK(1),3183.620033,null,HMBP_PrS_AEBP2_CD140(1)-HMBP_PrS_EZH2(iso2-BsaI)_CD136(1)/,Inter-Protein
,1,F1VL20180321_SF_PRC2_5m_1.17068.17068.3.0.dta,3,3183.624108,1.000000e+000,2.446622e-006,0.004075,1.279989,1.000000e+000,1.000000e+000
14,GPLGSAAAITDMADLEELSR(1)-GPLGSMAPQK(1),3139.564830,null,HMBP_PrS_AEBP2_CD140(1)-HMBP_PrS_SUZ12_CD137(1)/,Inter-Protein
,1,F1VL20180321_SF_PRC2_5m_1.18621.18621.3.0.dta,3,3139.571493,1.000000e+000,3.956843e-017,0.006663,2.122269,1.000000e+000,1.000000e+000
,2,F1VL20180321_SF_PRC2_5m_1.18609.18609.3.0.dta,3,3139.572708,1.000000e+000,2.795136e-008,0.007878,2.509265,1.000000e+000,1.000000e+000
15,GPLGSAAAITDMADLEELSR(1)-GPLGSSER(1),2956.456668,null,HMBP_PrS_AEBP2_CD140(1)-HMBP_PrS_EED_CD138(1)/,Inter-Protein
,1,F1VL20180321_SF_PRC2_5m_1.18511.18511.3.0.dta,3,2956.461997,1.000000e+000,2.879887e-010,0.005329,1.802496,1.000000e+000,1.000000e+000
,2,F1VL20180321_SF_PRC2_5m_1.18516.18516.3.0.dta,3,2956.461948,1.000000e+000,3.023396e-008,0.005280,1.785922,1.000000e+000,1.000000e+000
,3,F1VL20180321_SF_PRC2_5m_1.18501.18501.3.0.dta,3,2956.459531,1.000000e+000,7.353531e-008,0.002863,0.968389,1.000000e+000,1.000000e+000
16,GPLGSAAAITDMADLEELSR(1)-MSRHFSSR(1),3161.535261,null,HMBP_PrS_AEBP2_CD140(1)-gi|CON_IPI00714876.1|ENSEMBL:ENSBTAP00000038253 (1)/,Inter-Protein
,1,F1VL20180321_SF_PRC2_5m_1.18631.18631.3.1.dta,3,3161.540178,1.000000e+000,4.456065e-002,0.004917,1.555257,1.000000e+000,1.000000e+000
17,GPLGSAAAITDMADLEELSR(1)-QVPTGKK(6),2911.507976,null,HMBP_PrS_AEBP2_CD140(1)-HMBP_PrS_SUZ12_CD137(215)/HMBP_PrS_AEBP2_CD140(1)-HMBP_PrS_JAZF1-SUZ12(246)/,Inter-Protein
,1,F1VL20180321_SF_PRC2_5m_1.16004.16004.3.0.dta,3,2911.509065,1.000000e+000,2.328496e-001,0.001089,0.374033,1.000000e+000,1.000000e+000
18,GPLGSAAAITDMADLEELSR(1)-SWGKGK(4),2816.413355,null,HMBP_PrS_AEBP2_CD140(1)-HMBP_PrS_EED_CD138(74)/,Inter-Protein
,1,F1VL20180321_SF_PRC2_5m_1.17118.17118.3.0.dta,3,2816.420864,1.000000e+000,4.641767e-007,0.007509,2.666157,1.000000e+000,1.000000e+000
19,GPLGSAAAITDMADLEELSR(1)-TMPQKR(5),2914.464731,null,HMBP_PrS_AEBP2_CD140(1)-HMBP_PrS_AEBP2_CD140(503)/,Intra-Protein
,1,F1VL20180321_SF_PRC2_5m_1.16247.16247.3.0.dta,3,2914.469389,1.000000e+000,8.147429e-006,0.004658,1.598235,1.000000e+000,1.000000e+000
,2,F1VL20180321_SF_PRC2_5m_1.16311.16311.3.0.dta,3,2914.468256,1.000000e+000,1.264075e-003,0.003525,1.209485,1.000000e+000,1.000000e+000
20,GPLGSAAAITDMADLEELSR(1)-VKSEYMR(2),3066.512070,null,HMBP_PrS_AEBP2_CD140(1)-HMBP_PrS_EZH2(iso2-BsaI)_CD136(24)/HMBP_PrS_AEBP2_CD140(1)-HMBP_PrS_EZH1(19)/,Inter-Protein
,1,F1VL20180321_SF_PRC2_5m_1.16674.16674.3.0.dta,3,3066.514715,1.000000e+000,3.336730e-014,0.002645,0.862543,1.000000e+000,1.000000e+000
,2,F1VL20180321_SF_PRC2_5m_1.16669.16669.3.0.dta,3,3066.514764,1.000000e+000,3.142555e-011,0.002694,0.878523,1.000000e+000,1.000000e+000
21,GPLGSAAAITDMADLEELSR(1)-VSSQPKAK(6),2998.540000,null,HMBP_PrS_AEBP2_CD140(1)-HMBP_PrS_AEBP2_CD140(370)/,Intra-Protein
,1,F1VL20180321_SF_PRC2_5m_1.15616.15616.3.0.dta,3,2998.542120,1.000000e+000,6.838682e-007,0.002120,0.707011,1.000000e+000,1.000000e+000
22,GPLGSADKEAAFDDAVEER(1)-AGMNKR(5),2790.336169,null,HMBP_PrS_RBBP4_CD139(1)-HMBP_PrS_AEBP2_CD140(383)/,Inter-Protein
,1,F1VL20180321_SF_PRC2_5m_1.9143.9143.4.0.dta,4,2790.342189,1.000000e+000,2.484573e-005,0.006020,2.157446,1.000000e+000,1.000000e+000
23,GPLGSADKEAAFDDAVEER(1)-ATWETILDGKR(10),3403.665064,null,HMBP_PrS_RBBP4_CD139(1)-HMBP_PrS_SUZ12_CD137(346)/HMBP_PrS_RBBP4_CD139(1)-HMBP_PrS_JAZF1-SUZ12(377)/,Inter-Protein
,1,F1VL20180321_SF_PRC2_5m_1.14794.14794.4.0.dta,4,3403.670031,1.000000e+000,9.796163e-003,0.004967,1.459309,1.000000e+000,1.000000e+000
24,GPLGSADKEAAFDDAVEER(1)-GPLGSADKEAAFDDAVEER(8),4090.899798,null,HMBP_PrS_RBBP4_CD139(1)-HMBP_PrS_RBBP4_CD139(8)/,Inter-Protein
,1,F1VL20180321_SF_PRC2_5m_1.13749.13749.4.0.dta,4,4090.904282,1.000000e+000,1.324996e-006,0.004484,1.096091,1.000000e+000,1.000000e+000
25,GPLGSADKEAAFDDAVEER(1)-GPLGSGQTGK(1),3015.454026,null,HMBP_PrS_RBBP4_CD139(1)-HMBP_PrS_EZH2(iso2-BsaI)_CD136(1)/,Inter-Protein
,1,F1VL20180321_SF_PRC2_5m_1.12553.12553.3.0.dta,3,3015.457062,1.000000e+000,7.823065e-015,0.003036,1.006814,1.000000e+000,1.000000e+000
26,GPLGSADKEAAFDDAVEER(1)-GPLGSMAPQK(1),3099.493779,null,HMBP_PrS_RBBP4_CD139(1)-HMBP_PrS_SUZ12_CD137(1)/,Inter-Protein
,1,F1VL20180321_SF_PRC2_5m_1.13999.13999.3.0.dta,3,3099.497920,1.000000e+000,7.333718e-028,0.004141,1.336025,1.000000e+000,1.000000e+000
,2,F1VL20180321_SF_PRC2_5m_1.14000.14000.3.0.dta,3,3099.497920,1.000000e+000,4.114761e-008,0.004141,1.336025,1.000000e+000,1.000000e+000
,3,F1VL20180321_SF_PRC2_5m_1.13967.13967.4.1.dta,4,3099.498713,1.000000e+000,6.095682e-008,0.004934,1.591873,1.000000e+000,1.000000e+000
,4,F1VL20180321_SF_PRC2_5m_1.13920.13920.3.0.dta,3,3099.497389,1.000000e+000,1.624677e-005,0.003610,1.164706,1.000000e+000,1.000000e+000
,5,F1VL20180321_SF_PRC2_5m_1.14029.14029.3.0.dta,3,3099.498645,1.000000e+000,8.385312e-002,0.004866,1.569934,1.000000e+000,1.000000e+000
,6,F1VL20180321_SF_PRC2_5m_1.13953.13953.3.0.dta,3,3099.500467,1.000000e+000,5.296195e-001,0.006688,2.157772,1.000000e+000,1.000000e+000
27,GPLGSADKEAAFDDAVEER(1)-GPLGSSER(1),2916.385617,null,HMBP_PrS_RBBP4_CD139(1)-HMBP_PrS_EED_CD138(1)/,Inter-Protein
,1,F1VL20180321_SF_PRC2_5m_1.12882.12882.3.0.dta,3,2916.388000,1.000000e+000,2.816729e-015,0.002383,0.817107,1.000000e+000,1.000000e+000
,2,F1VL20180321_SF_PRC2_5m_1.12793.12793.3.0.dta,3,2916.387643,1.000000e+000,4.118878e-008,0.002026,0.694696,1.000000e+000,1.000000e+000
,3,F1VL20180321_SF_PRC2_5m_1.12883.12883.3.0.dta,3,2916.388000,1.000000e+000,6.279514e-005,0.002383,0.817107,1.000000e+000,1.000000e+000
,4,F1VL20180321_SF_PRC2_5m_1.12807.12807.3.0.dta,3,2916.388288,1.000000e+000,5.073112e-001,0.002671,0.915860,1.000000e+000,1.000000e+000
28,GPLGSADKEAAFDDAVEER(1)-KVYSGDGR(1),2995.427813,null,HMBP_PrS_RBBP4_CD139(1)-gi|CON_IPI00703842.3|SWISS-PROT:Q29RQ1 (167)/,Inter-Protein
,1,F1VL20180321_SF_PRC2_5m_1.15215.15215.4.1.dta,4,2995.452430,1.000000e+000,1.289694e-003,0.024617,8.218192,1.000000e+000,1.000000e+000
29,GPLGSADKEAAFDDAVEER(1)-LPKDTALLLDPNIYR(3),3855.964911,null,HMBP_PrS_RBBP4_CD139(1)-HMBP_PrS_AEBP2_CD140(486)/,Inter-Protein
,1,F1VL20180321_SF_PRC2_5m_1.15806.15806.4.0.dta,4,3855.965827,1.000000e+000,1.082199e-007,0.000916,0.237554,1.000000e+000,1.000000e+000
30,GPLGSADKEAAFDDAVEER(1)-TMPQKR(5),2874.393680,null,HMBP_PrS_RBBP4_CD139(1)-HMBP_PrS_AEBP2_CD140(503)/,Inter-Protein
,1,F1VL20180321_SF_PRC2_5m_1.9328.9328.3.0.dta,3,2874.396098,1.000000e+000,6.289040e-001,0.002418,0.841221,1.000000e+000,1.000000e+000
31,GPLGSADKEAAFDDAVEER(1)-VINEEYKIWK(7),3435.695302,null,HMBP_PrS_RBBP4_CD139(1)-HMBP_PrS_RBBP4_CD139(26)/HMBP_PrS_RBBP4_CD139(1)-HMBP_PrS_RBBP7(20)/,Intra-Protein
,1,F1VL20180321_SF_PRC2_5m_1.13154.13154.4.0.dta,4,3435.704013,1.000000e+000,2.804095e-008,0.008711,2.535440,1.000000e+000,1.000000e+000
32,GPLGSADKEAAFDDAVEER(8)-GPLGSMAPQK(1),3099.493779,null,HMBP_PrS_RBBP4_CD139(8)-HMBP_PrS_SUZ12_CD137(1)/,Inter-Protein
,1,F1VL20180321_SF_PRC2_5m_1.14451.14451.3.0.dta,3,3099.497299,1.000000e+000,5.314393e-004,0.003520,1.135669,1.000000e+000,1.000000e+000
33,GPLGSGQTGK(1)-GPLGSSER(1),1840.939845,null,HMBP_PrS_EZH2(iso2-BsaI)_CD136(1)-HMBP_PrS_EED_CD138(1)/,Inter-Protein
,1,F1VL20180321_SF_PRC2_5m_1.10227.10227.2.0.dta,2,1840.941888,1.000000e+000,1.407404e-017,0.002043,1.109759,1.000000e+000,1.000000e+000
,2,F1VL20180321_SF_PRC2_5m_1.10138.10138.2.0.dta,2,1840.942119,1.000000e+000,3.684912e-017,0.002274,1.235239,1.000000e+000,1.000000e+000
,3,F1VL20180321_SF_PRC2_5m_1.10137.10137.2.0.dta,2,1840.942119,1.000000e+000,1.068720e-016,0.002274,1.235239,1.000000e+000,1.000000e+000
,4,F1VL20180321_SF_PRC2_5m_1.10188.10188.3.0.dta,3,1840.942027,1.000000e+000,1.415130e-012,0.002182,1.185264,1.000000e+000,1.000000e+000
,5,F1VL20180321_SF_PRC2_5m_1.10228.10228.2.0.dta,2,1840.941888,1.000000e+000,1.136026e-011,0.002043,1.109759,1.000000e+000,1.000000e+000
,6,F1VL20180321_SF_PRC2_5m_1.10171.10171.3.0.dta,3,1840.942580,1.000000e+000,8.732363e-011,0.002735,1.485654,1.000000e+000,1.000000e+000
,7,F1VL20180321_SF_PRC2_5m_1.10139.10139.2.0.dta,2,1840.942119,1.000000e+000,6.019502e-006,0.002274,1.235239,1.000000e+000,1.000000e+000
,8,F1VL20180321_SF_PRC2_5m_1.10229.10229.2.0.dta,2,1840.941888,1.000000e+000,5.768853e-004,0.002043,1.109759,1.000000e+000,1.000000e+000
,9,F1VL20180321_SF_PRC2_5m_1.10140.10140.2.0.dta,2,1840.942119,1.000000e+000,1.908711e-001,0.002274,1.235239,1.000000e+000,1.000000e+000
34,GPLGSGQTGKK(1)-GPLGSGQTGK(1),2068.103210,null,HMBP_PrS_EZH2(iso2-BsaI)_CD136(1)-HMBP_PrS_EZH2(iso2-BsaI)_CD136(1)/,Intra-Protein
,1,F1VL20180321_SF_PRC2_5m_1.6969.6969.3.0.dta,3,2068.104466,1.000000e+000,1.165548e-014,0.001256,0.607320,1.000000e+000,1.000000e+000
35,GPLGSGQTGKK(1)-GPLGSMAPQK(1),2152.142962,null,HMBP_PrS_EZH2(iso2-BsaI)_CD136(1)-HMBP_PrS_SUZ12_CD137(1)/,Inter-Protein
,1,F1VL20180321_SF_PRC2_5m_1.9471.9471.3.0.dta,3,2152.145562,1.000000e+000,1.118470e-016,0.002600,1.208098,1.000000e+000,1.000000e+000
,2,F1VL20180321_SF_PRC2_5m_1.9473.9473.3.0.dta,3,2152.145562,1.000000e+000,4.416318e-013,0.002600,1.208098,1.000000e+000,1.000000e+000
36,GPLGSGQTGKK(1)-GPLGSSER(1),1969.034801,null,HMBP_PrS_EZH2(iso2-BsaI)_CD136(1)-HMBP_PrS_EED_CD138(1)/,Inter-Protein
,1,F1VL20180321_SF_PRC2_5m_1.7250.7250.3.0.dta,3,1969.038668,1.000000e+000,2.413050e-014,0.003867,1.963906,1.000000e+000,1.000000e+000
,2,F1VL20180321_SF_PRC2_5m_1.7260.7260.3.0.dta,3,1969.038061,1.000000e+000,5.853976e-012,0.003260,1.655634,1.000000e+000,1.000000e+000
,3,F1VL20180321_SF_PRC2_5m_1.7342.7342.3.0.dta,3,1969.036966,1.000000e+000,2.315292e-011,0.002165,1.099523,1.000000e+000,1.000000e+000
,4,F1VL20180321_SF_PRC2_5m_1.7302.7302.3.0.dta,3,1969.038767,1.000000e+000,1.096656e-009,0.003966,2.014185,1.000000e+000,1.000000e+000
37,GPLGSGQTGKK(1)-VKSEYMR(2),2079.090203,null,HMBP_PrS_EZH2(iso2-BsaI)_CD136(1)-HMBP_PrS_EZH2(iso2-BsaI)_CD136(24)/HMBP_PrS_EZH2(iso2-BsaI)_CD136(1)-HMBP_PrS_EZH1(19)/,Intra-Protein
,1,F1VL20180321_SF_PRC2_5m_1.5174.5174.3.0.dta,3,2079.092811,1.000000e+000,1.224476e-005,0.002608,1.254395,1.000000e+000,1.000000e+000
38,GPLGSMAPQK(1)-GPLGSGQTGK(1),2024.048007,null,HMBP_PrS_SUZ12_CD137(1)-HMBP_PrS_EZH2(iso2-BsaI)_CD136(1)/,Inter-Protein
,1,F1VL20180321_SF_PRC2_5m_1.12436.12436.3.0.dta,3,2024.051642,1.000000e+000,2.704499e-019,0.003635,1.795906,1.000000e+000,1.000000e+000
,2,F1VL20180321_SF_PRC2_5m_1.12424.12424.2.0.dta,2,2024.051667,1.000000e+000,2.890605e-009,0.003660,1.808258,1.000000e+000,1.000000e+000
,3,F1VL20180321_SF_PRC2_5m_1.12480.12480.3.1.dta,3,2024.035196,1.000000e+000,3.785187e-007,-0.012811,-6.329395,1.000000e+000,1.000000e+000
,4,F1VL20180321_SF_PRC2_5m_1.12498.12498.3.1.dta,3,2024.032441,1.000000e+000,6.090895e-007,-0.015566,-7.690529,1.000000e+000,1.000000e+000
,5,F1VL20180321_SF_PRC2_5m_1.12427.12427.2.0.dta,2,2024.051667,1.000000e+000,6.194706e-007,0.003660,1.808258,1.000000e+000,1.000000e+000
,6,F1VL20180321_SF_PRC2_5m_1.12512.12512.3.1.dta,3,2024.031872,1.000000e+000,1.261730e-004,-0.016135,-7.971649,1.000000e+000,1.000000e+000
,7,F1VL20180321_SF_PRC2_5m_1.12491.12491.3.1.dta,3,2024.033675,1.000000e+000,3.904813e-004,-0.014332,-7.080860,1.000000e+000,1.000000e+000
,8,F1VL20180321_SF_PRC2_5m_1.12465.12465.2.0.dta,2,2024.044535,1.000000e+000,1.403604e-001,-0.003472,-1.715374,1.000000e+000,1.000000e+000
,9,F1VL20180321_SF_PRC2_5m_1.12441.12441.2.0.dta,2,2024.050774,1.000000e+000,6.575311e-001,0.002767,1.367062,1.000000e+000,1.000000e+000
39,GPLGSMAPQK(1)-GPLGSSER(1),1924.979598,null,HMBP_PrS_SUZ12_CD137(1)-HMBP_PrS_EED_CD138(1)/,Inter-Protein
,1,F1VL20180321_SF_PRC2_5m_1.12754.12754.3.0.dta,3,1924.982822,1.000000e+000,6.033463e-012,0.003224,1.674823,1.000000e+000,1.000000e+000
,2,F1VL20180321_SF_PRC2_5m_1.12811.12811.2.0.dta,2,1924.981790,1.000000e+000,1.264973e-010,0.002192,1.138713,1.000000e+000,1.000000e+000
,3,F1VL20180321_SF_PRC2_5m_1.12810.12810.2.0.dta,2,1924.981790,1.000000e+000,1.232649e-009,0.002192,1.138713,1.000000e+000,1.000000e+000
,4,F1VL20180321_SF_PRC2_5m_1.12812.12812.2.0.dta,2,1924.981790,1.000000e+000,3.009185e-004,0.002192,1.138713,1.000000e+000,1.000000e+000
,5,F1VL20180321_SF_PRC2_5m_1.12851.12851.3.0.dta,3,1924.981929,1.000000e+000,5.238454e-004,0.002331,1.210922,1.000000e+000,1.000000e+000
40,GPLGSMAPQK(1)-TMPQKR(5),1882.987661,null,HMBP_PrS_SUZ12_CD137(1)-HMBP_PrS_AEBP2_CD140(503)/,Inter-Protein
,1,F1VL20180321_SF_PRC2_5m_1.7916.7916.3.0.dta,3,1882.988814,1.000000e+000,3.637109e-005,0.001153,0.612325,1.000000e+000,1.000000e+000
41,GPLGSSER(1)-SWGKGK(4),1601.828123,null,HMBP_PrS_EED_CD138(1)-HMBP_PrS_EED_CD138(74)/,Intra-Protein
,1,F1VL20180321_SF_PRC2_5m_1.7350.7350.3.0.dta,3,1601.829682,1.000000e+000,1.167981e-015,0.001559,0.973263,1.000000e+000,1.000000e+000
,2,F1VL20180321_SF_PRC2_5m_1.7388.7388.3.2.dta,3,1601.829725,1.000000e+000,8.049950e-009,0.001602,1.000107,1.000000e+000,1.000000e+000
,3,F1VL20180321_SF_PRC2_5m_1.7362.7362.3.0.dta,3,1601.829698,1.000000e+000,4.189078e-008,0.001575,0.983252,1.000000e+000,1.000000e+000
,4,F1VL20180321_SF_PRC2_5m_1.7380.7380.3.2.dta,3,1601.829725,1.000000e+000,9.720148e-006,0.001602,1.000107,1.000000e+000,1.000000e+000
,5,F1VL20180321_SF_PRC2_5m_1.7347.7347.2.0.dta,2,1601.830267,1.000000e+000,1.540816e-002,0.002144,1.338471,1.000000e+000,1.000000e+000
,6,F1VL20180321_SF_PRC2_5m_1.7383.7383.2.0.dta,2,1601.830409,1.000000e+000,2.927697e-002,0.002286,1.427119,1.000000e+000,1.000000e+000
42,GPLGSSEREVSTAPAGTDMPAAK(1)-GPLGSGQTGK(1),3267.616007,null,HMBP_PrS_EED_CD138(1)-HMBP_PrS_EZH2(iso2-BsaI)_CD136(1)/,Inter-Protein
,1,F1VL20180321_SF_PRC2_5m_1.10423.10423.3.0.dta,3,3267.618095,1.000000e+000,1.293396e-004,0.002088,0.638998,1.000000e+000,1.000000e+000
43,IFEAISSMFPDKGTAEELKEK(12)-VKSEYMR(2),3419.711150,null,HMBP_PrS_EZH2(iso2-BsaI)_CD136(238)-HMBP_PrS_EZH2(iso2-BsaI)_CD136(24)/HMBP_PrS_EZH2(iso2-BsaI)_CD136(238)-HMBP_PrS_EZH1(19)/,Intra-Protein
,1,F1VL20180321_SF_PRC2_5m_1.12776.12776.5.0.dta,5,3419.716191,1.000000e+000,1.827789e-005,0.005041,1.474101,1.000000e+000,1.000000e+000
44,IFEAISSMFPDKGTAEELKEK(19)-VKSEYMR(2),3419.711150,null,HMBP_PrS_EZH2(iso2-BsaI)_CD136(245)-HMBP_PrS_EZH2(iso2-BsaI)_CD136(24)/HMBP_PrS_EZH2(iso2-BsaI)_CD136(245)-HMBP_PrS_EZH1(19)/,Intra-Protein
,1,F1VL20180321_SF_PRC2_5m_1.12771.12771.4.0.dta,4,3419.718550,1.000000e+000,2.268901e-007,0.007400,2.163925,1.000000e+000,1.000000e+000
45,KSEKGPVCWR(1)-GPLGSGQTGK(1),2285.170570,Carbamidomethyl[C](8),HMBP_PrS_EZH2(iso2-BsaI)_CD136(11)-HMBP_PrS_EZH2(iso2-BsaI)_CD136(1)/,Intra-Protein
,1,F1VL20180321_SF_PRC2_5m_1.6520.6520.3.0.dta,3,2285.173746,1.000000e+000,1.762711e-030,0.003176,1.389831,1.000000e+000,1.000000e+000
,2,F1VL20180321_SF_PRC2_5m_1.6532.6532.4.0.dta,4,2285.173617,1.000000e+000,1.577414e-021,0.003047,1.333380,1.000000e+000,1.000000e+000
,3,F1VL20180321_SF_PRC2_5m_1.6553.6553.3.0.dta,3,2285.173341,1.000000e+000,3.113868e-009,0.002771,1.212601,1.000000e+000,1.000000e+000
,4,F1VL20180321_SF_PRC2_5m_1.6531.6531.3.0.dta,3,2285.173402,1.000000e+000,6.353246e-009,0.002832,1.239295,1.000000e+000,1.000000e+000
46,KSEKGPVCWR(4)-GPLGSGQTGK(1),2285.170570,Carbamidomethyl[C](8),HMBP_PrS_EZH2(iso2-BsaI)_CD136(14)-HMBP_PrS_EZH2(iso2-BsaI)_CD136(1)/,Intra-Protein
,1,F1VL20180321_SF_PRC2_5m_1.7118.7118.3.0.dta,3,2285.175035,1.000000e+000,2.568011e-018,0.004465,1.953902,1.000000e+000,1.000000e+000
,2,F1VL20180321_SF_PRC2_5m_1.7126.7126.4.0.dta,4,2285.174094,1.000000e+000,1.607815e-015,0.003524,1.542117,1.000000e+000,1.000000e+000
47,LPKDTALLLDPNIYR(3)-TMPQKR(5),2639.458793,null,HMBP_PrS_AEBP2_CD140(486)-HMBP_PrS_AEBP2_CD140(503)/,Intra-Protein
,1,F1VL20180321_SF_PRC2_5m_1.12442.12442.4.0.dta,4,2639.462372,1.000000e+000,3.035899e-006,0.003579,1.355960,1.000000e+000,1.000000e+000
48,MEHVQADHELFLQAFEKPTQIYR(17)-GPLGSADKEAAFDDAVEER(1),4944.378279,null,HMBP_PrS_SUZ12_CD137(97)-HMBP_PrS_RBBP4_CD139(1)/,Inter-Protein
,1,F1VL20180321_SF_PRC2_5m_1.14436.14436.6.0.dta,6,4944.381176,1.000000e+000,3.056076e-018,0.002897,0.585918,1.000000e+000,1.000000e+000
,2,F1VL20180321_SF_PRC2_5m_1.14422.14422.5.0.dta,5,4944.390212,1.000000e+000,4.534210e-010,0.011933,2.413448,1.000000e+000,1.000000e+000
,3,F1VL20180321_SF_PRC2_5m_1.14437.14437.5.0.dta,5,4944.389783,1.000000e+000,3.310770e-008,0.011504,2.326683,1.000000e+000,1.000000e+000
49,MEHVQADHELFLQAFEKPTQIYR(17)-GPLGSMAPQK(1),3952.972260,null,HMBP_PrS_SUZ12_CD137(97)-HMBP_PrS_SUZ12_CD137(1)/,Intra-Protein
,1,F1VL20180321_SF_PRC2_5m_1.14568.14568.5.0.dta,5,3952.980900,1.000000e+000,8.433578e-012,0.008640,2.185697,1.000000e+000,1.000000e+000
50,PFISQKIHFPDFSTR(6)-ESYDYNPNKTNR(9),3457.680991,null,HMBP_PrS_EED_CD138(297)-HMBP_PrS_EED_CD138(288)/,Intra-Protein
,1,F1VL20180321_SF_PRC2_5m_1.12708.12708.4.0.dta,4,3457.684189,1.000000e+000,2.072187e-005,0.003198,0.924897,1.000000e+000,1.000000e+000
51,SCENAIVCWKPGKMEDDIDKIK(20)-KLVEGEEGR(1),3789.849431,Carbamidomethyl[C](2);Carbamidomethyl[C](8),HMBP_PrS_EED_CD138(346)-gi|CON_IPI00853265.1|SWISS-PROT:Q6KB66-1 (385)/,Inter-Protein
,1,F1VL20180321_SF_PRC2_5m_1.10939.10939.5.0.dta,5,3789.872444,1.000000e+000,1.140520e-003,0.023013,6.072273,1.000000e+000,1.000000e+000
52,SCENAIVCWKPGKMEDDIDKIK(20)-REQESLKK(7),3790.881064,Carbamidomethyl[C](2);Carbamidomethyl[C](8),HMBP_PrS_EED_CD138(346)-HMBP_PrS_JAZF1-SUZ12(76)/,Inter-Protein
,1,F1VL20180321_SF_PRC2_5m_1.10962.10962.5.1.dta,5,3790.872890,1.000000e+000,3.133633e-001,-0.008174,-2.156227,1.000000e+000,1.000000e+000
53,SEKGPVCWR(3)-GPLGSGQTGK(1),2157.075614,Carbamidomethyl[C](7),HMBP_PrS_EZH2(iso2-BsaI)_CD136(14)-HMBP_PrS_EZH2(iso2-BsaI)_CD136(1)/,Intra-Protein
,1,F1VL20180321_SF_PRC2_5m_1.9243.9243.3.0.dta,3,2157.078396,1.000000e+000,4.147731e-016,0.002782,1.289709,1.000000e+000,1.000000e+000
54,TADKENTLQCPK(4)-ATWETILDGKR(10),2831.424252,Carbamidomethyl[C](10),HMBP_PrS_C10ORF12(55)-HMBP_PrS_SUZ12_CD137(346)/HMBP_PrS_C10ORF12(55)-HMBP_PrS_JAZF1-SUZ12(377)/,Inter-Protein
,1,F1VL20180321_SF_PRC2_5m_1.11001.11001.5.2.dta,5,2831.403518,1.000000e+000,6.717628e-001,-0.020734,-7.322816,1.000000e+000,1.000000e+000
55,TEILNQEWKQR(9)-GPLGSSER(1),2384.220352,null,HMBP_PrS_EZH2(iso2-BsaI)_CD136(65)-HMBP_PrS_EED_CD138(1)/,Inter-Protein
,1,F1VL20180321_SF_PRC2_5m_1.10942.10942.3.0.dta,3,2384.223502,1.000000e+000,2.163335e-010,0.003150,1.321187,1.000000e+000,1.000000e+000
,2,F1VL20180321_SF_PRC2_5m_1.10974.10974.3.0.dta,3,2384.223597,1.000000e+000,2.181005e-001,0.003245,1.361032,1.000000e+000,1.000000e+000
56,TITQIEEFSDVNEGEKEVMK(16)-VPPKMDAK(4),3348.658782,null,HMBP_PrS_SUZ12_CD137(616)-gi|CON_IPI00705493.3|TREMBL:Q2HJF0 (327)/HMBP_PrS_JAZF1-SUZ12(647)-gi|CON_IPI00705493.3|TREMBL:Q2HJF0 (327)/,Inter-Protein
,1,F1VL20180321_SF_PRC2_5m_1.15606.15606.4.3.dta,4,3348.670242,1.000000e+000,3.967235e-002,0.011460,3.422266,1.000000e+000,1.000000e+000
57,TPSSDVLVFDYTKHPSKPDPSGECNPDLR(13)-EGKVVDAK(3),4241.070499,Carbamidomethyl[C](24),HMBP_PrS_RBBP4_CD139(160)-HMBP_PrS_RBBP4_CD139(219)/,Intra-Protein
,1,F1VL20180321_SF_PRC2_5m_1.9160.9160.6.0.dta,6,4241.077966,1.000000e+000,1.617168e-015,0.007467,1.760640,1.000000e+000,1.000000e+000
,2,F1VL20180321_SF_PRC2_5m_1.9145.9145.5.0.dta,5,4241.079070,1.000000e+000,1.867781e-010,0.008571,2.020952,1.000000e+000,1.000000e+000
,3,F1VL20180321_SF_PRC2_5m_1.9154.9154.4.0.dta,4,4241.079462,1.000000e+000,1.101098e-002,0.008963,2.113382,1.000000e+000,1.000000e+000
58,TPSSDVLVFDYTKHPSKPDPSGECNPDLR(13)-GPLGSMAPQK(1),4381.111312,Carbamidomethyl[C](24),HMBP_PrS_RBBP4_CD139(160)-HMBP_PrS_SUZ12_CD137(1)/,Inter-Protein
,1,F1VL20180321_SF_PRC2_5m_1.12136.12136.5.0.dta,5,4381.113151,1.000000e+000,1.128169e-007,0.001839,0.419757,1.000000e+000,1.000000e+000
59,VKSEYMR(2)-GPLGSGQTGK(1),1950.995247,null,HMBP_PrS_EZH2(iso2-BsaI)_CD136(24)-HMBP_PrS_EZH2(iso2-BsaI)_CD136(1)/HMBP_PrS_EZH1(19)-HMBP_PrS_EZH2(iso2-BsaI)_CD136(1)/,Intra-Protein
,1,F1VL20180321_SF_PRC2_5m_1.6805.6805.3.0.dta,3,1951.000107,1.000000e+000,1.713223e-015,0.004860,2.491036,1.000000e+000,1.000000e+000
,2,F1VL20180321_SF_PRC2_5m_1.6833.6833.3.0.dta,3,1951.000253,1.000000e+000,1.420212e-013,0.005006,2.565870,1.000000e+000,1.000000e+000
,3,F1VL20180321_SF_PRC2_5m_1.6830.6830.2.0.dta,2,1950.999906,1.000000e+000,6.442678e-002,0.004659,2.388012,1.000000e+000,1.000000e+000
,4,F1VL20180321_SF_PRC2_5m_1.6831.6831.2.0.dta,2,1950.999906,1.000000e+000,8.092895e-001,0.004659,2.388012,1.000000e+000,1.000000e+000
60,VKSEYMR(2)-GPLGSSER(1),1851.926838,null,HMBP_PrS_EZH2(iso2-BsaI)_CD136(24)-HMBP_PrS_EED_CD138(1)/HMBP_PrS_EZH1(19)-HMBP_PrS_EED_CD138(1)/,Inter-Protein
,1,F1VL20180321_SF_PRC2_5m_1.7136.7136.3.0.dta,3,1851.929056,1.000000e+000,3.839958e-016,0.002218,1.197672,1.000000e+000,1.000000e+000
61,YSQADALKYVGIER(8)-IGIFAKR(6),2554.402665,null,HMBP_PrS_EZH2(iso2-BsaI)_CD136(744)-HMBP_PrS_EZH2(iso2-BsaI)_CD136(722)/HMBP_PrS_EZH2(iso2-BsaI)_CD136(744)-HMBP_PrS_EZH1(713)/HMBP_PrS_EZH1(735)-HMBP_PrS_EZH2(iso2-BsaI)_CD136(722)/HMBP_PrS_EZH1(735)-HMBP_PrS_EZH1(713)/,Intra-Protein
,1,F1VL20180321_SF_PRC2_5m_1.13078.13078.3.0.dta,3,2554.408806,1.000000e+000,2.394301e-014,0.006141,2.404085,1.000000e+000,1.000000e+000
,2,F1VL20180321_SF_PRC2_5m_1.13087.13087.4.0.dta,4,2554.407037,1.000000e+000,6.870494e-011,0.004372,1.711555,1.000000e+000,1.000000e+000
